-- BUILDINGS
-- Dummy buildings for Mandate system and bonuses
INSERT INTO
	BuildingClasses (Type, DefaultBuilding, Description)
VALUES
	('BUILDINGCLASS_MANDATE_1', 'BUILDING_MANDATE_1', 'TXT_KEY_BUILDING_MANDATE'),
	('BUILDINGCLASS_MANDATE_2', 'BUILDING_MANDATE_2', 'TXT_KEY_BUILDING_MANDATE'),
	('BUILDINGCLASS_MANDATE_3', 'BUILDING_MANDATE_3', 'TXT_KEY_BUILDING_MANDATE'),
	('BUILDINGCLASS_MANDATE_PRODUCTION', 'BUILDING_MANDATE_PRODUCTION', 'TXT_KEY_BUILDING_MANDATE_PRODUCTION'),
	('BUILDINGCLASS_MANDATE_FAITH', 'BUILDING_MANDATE_FAITH', 'TXT_KEY_BUILDING_MANDATE_FAITH'),
	('BUILDINGCLASS_LONCHEN_PRODUCTION', 'BUILDING_LONCHEN_PRODUCTION', 'TXT_KEY_BUILDING_LONCHEN_PRODUCTION'),
	('BUILDINGCLASS_LONCHEN_FOREIGN', 'BUILDING_LONCHEN_FOREIGN', 'TXT_KEY_BUILDING_LONCHEN_FOREIGN'),
	('BUILDINGCLASS_ZEAL_MOVEMENT', 'BUILDING_ZEAL_MOVEMENT', 'TXT_KEY_BUILDING_ZEAL_MOVEMENT');

INSERT INTO
	Buildings (Type, BuildingClass, Cost, FaithCost, UnlockedByBelief, GoldMaintenance, GreatWorkCount, PrereqTech, Description, Help, Strategy, Civilopedia, ArtDefineTag, MinAreaSize, HurryCostModifier, IconAtlas, NeverCapture, PortraitIndex)
VALUES
	('BUILDING_MANDATE_1', 'BUILDINGCLASS_MANDATE_1', -1, -1, 0, 0, -1, NULL, 'TXT_KEY_BUILDING_MANDATE', 'TXT_KEY_BUILDING_MANDATE_HELP', NULL, NULL, NULL, -1, -1, 'TIBETAN_TRIMALO_ICON_ATLAS', 1, 0),
	('BUILDING_MANDATE_2', 'BUILDINGCLASS_MANDATE_2', -1, -1, 0, 0, -1, NULL, 'TXT_KEY_BUILDING_MANDATE', 'TXT_KEY_BUILDING_MANDATE_HELP', NULL, NULL, NULL, -1, -1, 'TIBETAN_TRIMALO_ICON_ATLAS', 1, 0),
	('BUILDING_MANDATE_3', 'BUILDINGCLASS_MANDATE_3', -1, -1, 0, 0, -1, NULL, 'TXT_KEY_BUILDING_MANDATE', 'TXT_KEY_BUILDING_MANDATE_HELP', NULL, NULL, NULL, -1, -1, 'TIBETAN_TRIMALO_ICON_ATLAS', 1, 0),
	('BUILDING_MANDATE_PRODUCTION', 'BUILDINGCLASS_MANDATE_PRODUCTION', -1, -1, 0, 0, -1, NULL, 'TXT_KEY_BUILDING_MANDATE_PRODUCTION', 'TXT_KEY_BUILDING_MANDATE_PRODUCTION_HELP', NULL, NULL, NULL, -1, -1, 'TIBETAN_TRIMALO_ICON_ATLAS', 1, 0),
	('BUILDING_MANDATE_FAITH', 'BUILDINGCLASS_MANDATE_FAITH', -1, -1, 0, 0, -1, NULL, 'TXT_KEY_BUILDING_MANDATE_FAITH', 'TXT_KEY_BUILDING_MANDATE_FAITH_HELP', NULL, NULL, NULL, -1, -1, 'TIBETAN_TRIMALO_ICON_ATLAS', 1, 0),
	('BUILDING_LONCHEN_PRODUCTION', 'BUILDINGCLASS_LONCHEN_PRODUCTION', -1, -1, 0, 0, -1, NULL, 'TXT_KEY_BUILDING_LONCHEN_PRODUCTION', 'TXT_KEY_BUILDING_LONCHEN_PRODUCTION_HELP', NULL, NULL, NULL, -1, -1, 'TIBETAN_TRIMALO_ICON_ATLAS', 1, 0),
	('BUILDING_LONCHEN_FOREIGN', 'BUILDINGCLASS_LONCHEN_FOREIGN', -1, -1, 0, 0, -1, NULL, 'TXT_KEY_BUILDING_LONCHEN_FOREIGN', 'TXT_KEY_BUILDING_LONCHEN_FOREIGN_HELP', NULL, NULL, NULL, -1, -1, 'TIBETAN_TRIMALO_ICON_ATLAS', 1, 0),
	('BUILDING_ZEAL_MOVEMENT', 'BUILDINGCLASS_ZEAL_MOVEMENT', -1, -1, 0, 0, -1, NULL, 'TXT_KEY_BUILDING_ZEAL_MOVEMENT', 'TXT_KEY_BUILDING_ZEAL_MOVEMENT_HELP', NULL, NULL, NULL, -1, -1, 'TIBETAN_TRIMALO_ICON_ATLAS', 1, 0);

-- Tsuklakhang (Temple replacement)
INSERT INTO
	Buildings (Type, BuildingClass, Cost, FaithCost, UnlockedByBelief, GoldMaintenance, PrereqTech, Description, Help, Strategy, Civilopedia, ArtDefineTag, MinAreaSize, HurryCostModifier, IconAtlas, NeverCapture, PortraitIndex)
SELECT
	'BUILDING_TSUKLAKHANG',
	BuildingClass,
	Cost,
	FaithCost,
	UnlockedByBelief,
	GoldMaintenance,
	PrereqTech,
	'TXT_KEY_BUILDING_TSUKLAKHANG',
	'TXT_KEY_BUILDING_TSUKLAKHANG_HELP',
	'TXT_KEY_BUILDING_TSUKLAKHANG_STRATEGY',
	'TXT_KEY_BUILDING_TSUKLAKHANG_TEXT',
	ArtDefineTag,
	MinAreaSize,
	HurryCostModifier,
	'TIBETAN_TRIMALO_ICON_ATLAS',
	NeverCapture,
	2
FROM
	Buildings
WHERE
	Type = 'BUILDING_TEMPLE';

-- Building Yields
INSERT INTO
	Building_YieldChanges (BuildingType, YieldType, Yield)
VALUES
	('BUILDING_MANDATE_FAITH', 'YIELD_FAITH', 10),
	('BUILDING_LONCHEN_FOREIGN', 'YIELD_FAITH', 1),
	('BUILDING_LONCHEN_FOREIGN', 'YIELD_SCIENCE', 1);

INSERT INTO
	Building_YieldChanges (BuildingType, YieldType, Yield)
SELECT
	'BUILDING_TSUKLAKHANG',
	YieldType,
	Yield
FROM
	Building_YieldChanges
WHERE
	BuildingType = 'BUILDING_TEMPLE';

-- Building Modifiers for Mandate production bonus
INSERT INTO
	Building_DomainProductionModifiers (BuildingType, DomainType, Modifier)
VALUES
	('BUILDING_MANDATE_PRODUCTION', 'DOMAIN_LAND', 10),
	('BUILDING_MANDATE_PRODUCTION', 'DOMAIN_SEA', 10),
	('BUILDING_MANDATE_PRODUCTION', 'DOMAIN_AIR', 10);

INSERT INTO
	Building_YieldModifiers (BuildingType, YieldType, Yield)
VALUES
	('BUILDING_LONCHEN_PRODUCTION', 'YIELD_PRODUCTION', 10);

-- Building_ClassesNeededInCity
INSERT INTO
	Building_ClassesNeededInCity (BuildingType, BuildingClassType)
SELECT
	'BUILDING_TSUKLAKHANG',
	BuildingClassType
FROM
	Building_ClassesNeededInCity
WHERE
	BuildingType = 'BUILDING_TEMPLE';

-- Building_Flavors
INSERT INTO
	Building_Flavors (BuildingType, FlavorType, Flavor)
SELECT
	'BUILDING_TSUKLAKHANG',
	FlavorType,
	Flavor
FROM
	Building_Flavors
WHERE
	BuildingType = 'BUILDING_TEMPLE';

INSERT INTO
	Building_Flavors (BuildingType, FlavorType, Flavor)
VALUES
	('BUILDING_TSUKLAKHANG', 'FLAVOR_MILITARY_TRAINING', 10),
	('BUILDING_TSUKLAKHANG', 'FLAVOR_OFFENSE', 8);

-- UNITS
-- Lönchen (Great General replacement)
INSERT INTO
	Units (Type, Class, PrereqTech, Combat, RangedCombat, Cost, FaithCost, RequiresFaithPurchaseEnabled, Moves, Range, CombatClass, Domain, Description, Help, Strategy, Civilopedia, MilitarySupport, MilitaryProduction, Pillage, Mechanized, ObsoleteTech, AdvancedStartCost, MinAreaSize, XPValueAttack, XPValueDefense, UnitArtInfo, UnitFlagAtlas, UnitFlagIconOffset, IconAtlas, PortraitIndex, MoveRate, BaseLandAirDefense)
SELECT
	'UNIT_LONCHEN',
	'UNITCLASS_GREAT_GENERAL',
	PrereqTech,
	Combat,
	RangedCombat,
	Cost,
	FaithCost,
	RequiresFaithPurchaseEnabled,
	Moves,
	Range,
	CombatClass,
	Domain,
	'TXT_KEY_UNIT_LONCHEN',
	'TXT_KEY_UNIT_LONCHEN_HELP',
	'TXT_KEY_UNIT_LONCHEN_STRATEGY',
	'TXT_KEY_UNIT_LONCHEN_TEXT',
	MilitarySupport,
	MilitaryProduction,
	Pillage,
	Mechanized,
	ObsoleteTech,
	AdvancedStartCost,
	MinAreaSize,
	XPValueAttack,
	XPValueDefense,
	'ART_DEF_UNIT_GREAT_GENERAL',
	'TIBETAN_TRIMALO_UNIT_FLAG_ATLAS',
	0,
	'TIBETAN_TRIMALO_ICON_ATLAS',
	3,
	MoveRate,
	BaseLandAirDefense
FROM
	Units
WHERE
	Type = 'UNIT_GREAT_GENERAL';

-- PROMOTIONS
INSERT INTO
	UnitPromotions (Type, Description, Help, Sound, CannotBeChosen, LostWithUpgrade, PortraitIndex, IconAtlas, PediaType, PediaEntry)
VALUES
	('PROMOTION_ZEAL', 'TXT_KEY_PROMOTION_ZEAL', 'TXT_KEY_PROMOTION_ZEAL_HELP', 'AS2D_IF_LEVELUP', 1, 0, 59, 'ABILITY_ATLAS', 'PEDIA_ATTRIBUTES', 'TXT_KEY_PROMOTION_ZEAL'),
	('PROMOTION_ZEAL_1', 'TXT_KEY_PROMOTION_ZEAL_1', 'TXT_KEY_PROMOTION_ZEAL_1_HELP', 'AS2D_IF_LEVELUP', 1, 0, 59, 'ABILITY_ATLAS', 'PEDIA_ATTRIBUTES', 'TXT_KEY_PROMOTION_ZEAL_1'),
	('PROMOTION_ZEAL_2', 'TXT_KEY_PROMOTION_ZEAL_2', 'TXT_KEY_PROMOTION_ZEAL_2_HELP', 'AS2D_IF_LEVELUP', 1, 0, 59, 'ABILITY_ATLAS', 'PEDIA_ATTRIBUTES', 'TXT_KEY_PROMOTION_ZEAL_2'),
	('PROMOTION_ZEAL_3', 'TXT_KEY_PROMOTION_ZEAL_3', 'TXT_KEY_PROMOTION_ZEAL_3_HELP', 'AS2D_IF_LEVELUP', 1, 0, 59, 'ABILITY_ATLAS', 'PEDIA_ATTRIBUTES', 'TXT_KEY_PROMOTION_ZEAL_3'),
	('PROMOTION_ZEAL_MOVEMENT', 'TXT_KEY_PROMOTION_ZEAL_MOVEMENT', 'TXT_KEY_PROMOTION_ZEAL_MOVEMENT_HELP', 'AS2D_IF_LEVELUP', 1, 0, 59, 'ABILITY_ATLAS', 'PEDIA_ATTRIBUTES', 'TXT_KEY_PROMOTION_ZEAL_MOVEMENT');

-- Promotion effects
INSERT INTO
	UnitPromotions_Terrains (PromotionType, TerrainType, Attack, Defense)
VALUES
	('PROMOTION_ZEAL_1', 'TERRAIN_HILL', 10, 10),
	('PROMOTION_ZEAL_2', 'TERRAIN_HILL', 20, 20),
	('PROMOTION_ZEAL_3', 'TERRAIN_HILL', 30, 30);

INSERT INTO
	UnitPromotions_Features (PromotionType, FeatureType, Attack, Defense)
VALUES
	('PROMOTION_ZEAL_1', 'FEATURE_FOREST', 10, 10),
	('PROMOTION_ZEAL_1', 'FEATURE_JUNGLE', 10, 10),
	('PROMOTION_ZEAL_2', 'FEATURE_FOREST', 20, 20),
	('PROMOTION_ZEAL_2', 'FEATURE_JUNGLE', 20, 20),
	('PROMOTION_ZEAL_3', 'FEATURE_FOREST', 30, 30),
	('PROMOTION_ZEAL_3', 'FEATURE_JUNGLE', 30, 30);

UPDATE UnitPromotions
SET
	MovesChange = 1
WHERE
	Type = 'PROMOTION_ZEAL_MOVEMENT';

-- LEADERS
INSERT INTO
	Leaders (Type, Description, Civilopedia, CivilopediaTag, ArtDefineTag, IconAtlas, PortraitIndex)
VALUES
	('LEADER_TIBETAN_EMPIRE_TRIMALO_TRITENG', 'TXT_KEY_LEADER_TIBETAN_EMPIRE_TRIMALO_TRITENG', 'TXT_KEY_LEADER_TIBETAN_EMPIRE_TRIMALO_TRITENG_PEDIA', 'TXT_KEY_CIVILOPEDIA_LEADERS_TRIMALO_TRITENG', 'Trimalo_Triteng_Scene.xml', 'TIBETAN_TRIMALO_ICON_ATLAS', 0);

UPDATE Leaders
SET
	VictoryCompetitiveness = 8,
	WonderCompetitiveness = 3,
	MinorCivCompetitiveness = 4,
	Boldness = 7,
	DiploBalance = 5,
	WarmongerHate = 5,
	DenounceWillingness = 6,
	DoFWillingness = 4,
	Loyalty = 5,
	Neediness = 6,
	Forgiveness = 4,
	Chattiness = 3,
	Meanness = 6
WHERE
	Type = 'LEADER_TIBETAN_EMPIRE_TRIMALO_TRITENG';

-- Leader_MajorCivApproachBiases
INSERT INTO
	Leader_MajorCivApproachBiases (LeaderType, MajorCivApproachType, Bias)
VALUES
	('LEADER_TIBETAN_EMPIRE_TRIMALO_TRITENG', 'MAJOR_CIV_APPROACH_WAR', 8),
	('LEADER_TIBETAN_EMPIRE_TRIMALO_TRITENG', 'MAJOR_CIV_APPROACH_HOSTILE', 5),
	('LEADER_TIBETAN_EMPIRE_TRIMALO_TRITENG', 'MAJOR_CIV_APPROACH_DECEPTIVE', 6),
	('LEADER_TIBETAN_EMPIRE_TRIMALO_TRITENG', 'MAJOR_CIV_APPROACH_GUARDED', 6),
	('LEADER_TIBETAN_EMPIRE_TRIMALO_TRITENG', 'MAJOR_CIV_APPROACH_AFRAID', 2),
	('LEADER_TIBETAN_EMPIRE_TRIMALO_TRITENG', 'MAJOR_CIV_APPROACH_FRIENDLY', 4),
	('LEADER_TIBETAN_EMPIRE_TRIMALO_TRITENG', 'MAJOR_CIV_APPROACH_NEUTRAL', 5);

-- Leader_MinorCivApproachBiases
INSERT INTO
	Leader_MinorCivApproachBiases (LeaderType, MinorCivApproachType, Bias)
VALUES
	('LEADER_TIBETAN_EMPIRE_TRIMALO_TRITENG', 'MINOR_CIV_APPROACH_IGNORE', 2),
	('LEADER_TIBETAN_EMPIRE_TRIMALO_TRITENG', 'MINOR_CIV_APPROACH_FRIENDLY', 4),
	('LEADER_TIBETAN_EMPIRE_TRIMALO_TRITENG', 'MINOR_CIV_APPROACH_PROTECTIVE', 3),
	('LEADER_TIBETAN_EMPIRE_TRIMALO_TRITENG', 'MINOR_CIV_APPROACH_CONQUEST', 9),
	('LEADER_TIBETAN_EMPIRE_TRIMALO_TRITENG', 'MINOR_CIV_APPROACH_BULLY', 7);

-- Leader_Flavors
INSERT INTO
	Leader_Flavors (LeaderType, FlavorType, Flavor)
VALUES
	('LEADER_TIBETAN_EMPIRE_TRIMALO_TRITENG', 'FLAVOR_OFFENSE', 9),
	('LEADER_TIBETAN_EMPIRE_TRIMALO_TRITENG', 'FLAVOR_DEFENSE', 6),
	('LEADER_TIBETAN_EMPIRE_TRIMALO_TRITENG', 'FLAVOR_CITY_DEFENSE', 5),
	('LEADER_TIBETAN_EMPIRE_TRIMALO_TRITENG', 'FLAVOR_MILITARY_TRAINING', 9),
	('LEADER_TIBETAN_EMPIRE_TRIMALO_TRITENG', 'FLAVOR_RECON', 6),
	('LEADER_TIBETAN_EMPIRE_TRIMALO_TRITENG', 'FLAVOR_RANGED', 7),
	('LEADER_TIBETAN_EMPIRE_TRIMALO_TRITENG', 'FLAVOR_MOBILE', 8),
	('LEADER_TIBETAN_EMPIRE_TRIMALO_TRITENG', 'FLAVOR_NAVAL', 3),
	('LEADER_TIBETAN_EMPIRE_TRIMALO_TRITENG', 'FLAVOR_NAVAL_RECON', 3),
	('LEADER_TIBETAN_EMPIRE_TRIMALO_TRITENG', 'FLAVOR_NAVAL_GROWTH', 3),
	('LEADER_TIBETAN_EMPIRE_TRIMALO_TRITENG', 'FLAVOR_NAVAL_TILE_IMPROVEMENT', 3),
	('LEADER_TIBETAN_EMPIRE_TRIMALO_TRITENG', 'FLAVOR_AIR', 6),
	('LEADER_TIBETAN_EMPIRE_TRIMALO_TRITENG', 'FLAVOR_EXPANSION', 8),
	('LEADER_TIBETAN_EMPIRE_TRIMALO_TRITENG', 'FLAVOR_GROWTH', 5),
	('LEADER_TIBETAN_EMPIRE_TRIMALO_TRITENG', 'FLAVOR_TILE_IMPROVEMENT', 4),
	('LEADER_TIBETAN_EMPIRE_TRIMALO_TRITENG', 'FLAVOR_INFRASTRUCTURE', 5),
	('LEADER_TIBETAN_EMPIRE_TRIMALO_TRITENG', 'FLAVOR_PRODUCTION', 8),
	('LEADER_TIBETAN_EMPIRE_TRIMALO_TRITENG', 'FLAVOR_GOLD', 6),
	('LEADER_TIBETAN_EMPIRE_TRIMALO_TRITENG', 'FLAVOR_SCIENCE', 6),
	('LEADER_TIBETAN_EMPIRE_TRIMALO_TRITENG', 'FLAVOR_CULTURE', 3),
	('LEADER_TIBETAN_EMPIRE_TRIMALO_TRITENG', 'FLAVOR_HAPPINESS', 4),
	('LEADER_TIBETAN_EMPIRE_TRIMALO_TRITENG', 'FLAVOR_GREAT_PEOPLE', 5),
	('LEADER_TIBETAN_EMPIRE_TRIMALO_TRITENG', 'FLAVOR_WONDER', 3),
	('LEADER_TIBETAN_EMPIRE_TRIMALO_TRITENG', 'FLAVOR_RELIGION', 7),
	('LEADER_TIBETAN_EMPIRE_TRIMALO_TRITENG', 'FLAVOR_DIPLOMACY', 5),
	('LEADER_TIBETAN_EMPIRE_TRIMALO_TRITENG', 'FLAVOR_SPACESHIP', 2),
	('LEADER_TIBETAN_EMPIRE_TRIMALO_TRITENG', 'FLAVOR_WATER_CONNECTION', 3),
	('LEADER_TIBETAN_EMPIRE_TRIMALO_TRITENG', 'FLAVOR_NUKE', 4),
	('LEADER_TIBETAN_EMPIRE_TRIMALO_TRITENG', 'FLAVOR_USE_NUKE', 4),
	('LEADER_TIBETAN_EMPIRE_TRIMALO_TRITENG', 'FLAVOR_ESPIONAGE', 5),
	('LEADER_TIBETAN_EMPIRE_TRIMALO_TRITENG', 'FLAVOR_AIRLIFT', 4),
	('LEADER_TIBETAN_EMPIRE_TRIMALO_TRITENG', 'FLAVOR_I_TRADE_DESTINATION', 5),
	('LEADER_TIBETAN_EMPIRE_TRIMALO_TRITENG', 'FLAVOR_I_TRADE_ORIGIN', 5),
	('LEADER_TIBETAN_EMPIRE_TRIMALO_TRITENG', 'FLAVOR_I_SEA_TRADE_ROUTE', 4),
	('LEADER_TIBETAN_EMPIRE_TRIMALO_TRITENG', 'FLAVOR_I_LAND_TRADE_ROUTE', 6),
	('LEADER_TIBETAN_EMPIRE_TRIMALO_TRITENG', 'FLAVOR_ARCHAEOLOGY', 4),
	('LEADER_TIBETAN_EMPIRE_TRIMALO_TRITENG', 'FLAVOR_AIR_CARRIER', 5);

-- Diplomacy_Responses
INSERT INTO
	Diplomacy_Responses (LeaderType, ResponseType, Response, Bias)
VALUES
	('LEADER_TIBETAN_EMPIRE_TRIMALO_TRITENG', 'RESPONSE_AI_DOF_BACKSTAB', 'TXT_KEY_LEADER_TIBETAN_EMPIRE_TRIMALO_TRITENG_DENOUNCE_FRIEND%', 500),
	('LEADER_TIBETAN_EMPIRE_TRIMALO_TRITENG', 'RESPONSE_ATTACKED_HOSTILE', 'TXT_KEY_LEADER_TIBETAN_EMPIRE_TRIMALO_TRITENG_ATTACKED_HOSTILE%', 500),
	('LEADER_TIBETAN_EMPIRE_TRIMALO_TRITENG', 'RESPONSE_ATTACKED_STRONG_HOSTILE', 'TXT_KEY_LEADER_TIBETAN_EMPIRE_TRIMALO_TRITENG_ATTACKED_HOSTILE%', 500),
	('LEADER_TIBETAN_EMPIRE_TRIMALO_TRITENG', 'RESPONSE_DEFEATED', 'TXT_KEY_LEADER_TIBETAN_EMPIRE_TRIMALO_TRITENG_DEFEATED%', 500),
	('LEADER_TIBETAN_EMPIRE_TRIMALO_TRITENG', 'RESPONSE_DOW_GENERIC', 'TXT_KEY_LEADER_TIBETAN_EMPIRE_TRIMALO_TRITENG_DOW_GENERIC%', 500),
	('LEADER_TIBETAN_EMPIRE_TRIMALO_TRITENG', 'RESPONSE_EXPANSION_SERIOUS_WARNING', 'TXT_KEY_LEADER_TIBETAN_EMPIRE_TRIMALO_TRITENG_EXPANSION_SERIOUS_WARNING%', 500),
	('LEADER_TIBETAN_EMPIRE_TRIMALO_TRITENG', 'RESPONSE_FIRST_GREETING', 'TXT_KEY_LEADER_TIBETAN_EMPIRE_TRIMALO_TRITENG_FIRSTGREETING%', 500),
	('LEADER_TIBETAN_EMPIRE_TRIMALO_TRITENG', 'RESPONSE_GREETING_HOSTILE_HELLO', 'TXT_KEY_LEADER_TIBETAN_EMPIRE_TRIMALO_TRITENG_GREETING_HOSTILE_HELLO%', 500),
	('LEADER_TIBETAN_EMPIRE_TRIMALO_TRITENG', 'RESPONSE_GREETING_NEUTRAL_HELLO', 'TXT_KEY_LEADER_TIBETAN_EMPIRE_TRIMALO_TRITENG_GREETING_NEUTRAL_HELLO%', 500),
	('LEADER_TIBETAN_EMPIRE_TRIMALO_TRITENG', 'RESPONSE_GREETING_POLITE_HELLO', 'TXT_KEY_LEADER_TIBETAN_EMPIRE_TRIMALO_TRITENG_GREETING_POLITE_HELLO%', 500),
	('LEADER_TIBETAN_EMPIRE_TRIMALO_TRITENG', 'RESPONSE_HOSTILE_AGGRESSIVE_MILITARY_WARNING', 'TXT_KEY_LEADER_TIBETAN_EMPIRE_TRIMALO_TRITENG_HOSTILE_AGGRESSIVE_MILITARY_WARNING%', 500),
	('LEADER_TIBETAN_EMPIRE_TRIMALO_TRITENG', 'RESPONSE_LUXURY_TRADE', 'TXT_KEY_LEADER_TIBETAN_EMPIRE_TRIMALO_TRITENG_LUXURY_TRADE%', 500),
	('LEADER_TIBETAN_EMPIRE_TRIMALO_TRITENG', 'RESPONSE_OPEN_BORDERS_EXCHANGE', 'TXT_KEY_LEADER_TIBETAN_EMPIRE_TRIMALO_TRITENG_OPEN_BORDERS_EXCHANGE%', 500),
	('LEADER_TIBETAN_EMPIRE_TRIMALO_TRITENG', 'RESPONSE_PLOT_BUYING_SERIOUS_WARNING', 'TXT_KEY_LEADER_TIBETAN_EMPIRE_TRIMALO_TRITENG_PLOT_BUYING_SERIOUS_WARNING%', 500),
	('LEADER_TIBETAN_EMPIRE_TRIMALO_TRITENG', 'RESPONSE_REQUEST', 'TXT_KEY_LEADER_TIBETAN_EMPIRE_TRIMALO_TRITENG_REQUEST%', 500),
	('LEADER_TIBETAN_EMPIRE_TRIMALO_TRITENG', 'RESPONSE_RESPONSE_TO_BEING_DENOUNCED', 'TXT_KEY_LEADER_TIBETAN_EMPIRE_TRIMALO_TRITENG_RESPONSE_TO_BEING_DENOUNCED%', 500),
	('LEADER_TIBETAN_EMPIRE_TRIMALO_TRITENG', 'RESPONSE_TOO_SOON_FOR_DOF', 'TXT_KEY_LEADER_TIBETAN_EMPIRE_TRIMALO_TRITENG_TOO_SOON_FOR_DOF%', 500),
	('LEADER_TIBETAN_EMPIRE_TRIMALO_TRITENG', 'RESPONSE_TOO_SOON_NO_PEACE', 'TXT_KEY_LEADER_TIBETAN_EMPIRE_TRIMALO_TRITENG_TOO_SOON_NO_PEACE%', 500),
	('LEADER_TIBETAN_EMPIRE_TRIMALO_TRITENG', 'RESPONSE_WORK_AGAINST_SOMEONE', 'TXT_KEY_LEADER_TIBETAN_EMPIRE_TRIMALO_TRITENG_DENOUNCE%', 500),
	('LEADER_TIBETAN_EMPIRE_TRIMALO_TRITENG', 'RESPONSE_WORK_WITH_US', 'TXT_KEY_LEADER_TIBETAN_EMPIRE_TRIMALO_TRITENG_DEC_FRIENDSHIP%', 500);

-- Leader_Traits
INSERT INTO
	Leader_Traits (LeaderType, TraitType)
VALUES
	('LEADER_TIBETAN_EMPIRE_TRIMALO_TRITENG', 'TRAIT_SOVEREIGN_LADY');

-- Traits
INSERT INTO
	Traits (Type, Description, ShortDescription)
VALUES
	('TRAIT_SOVEREIGN_LADY', 'TXT_KEY_TRAIT_SOVEREIGN_LADY', 'TXT_KEY_TRAIT_SOVEREIGN_LADY_SHORT');

-- CIVILIZATIONS
INSERT INTO
	Civilizations (Type, DerivativeCiv, SoundtrackTag, MapImage, DawnOfManQuote, DawnOfManImage, Description, ShortDescription, Adjective, Civilopedia, CivilopediaTag, DefaultPlayerColor, ArtDefineTag, ArtStyleType, ArtStyleSuffix, ArtStylePrefix, IconAtlas, PortraitIndex, AlphaIconAtlas)
SELECT
	'CIVILIZATION_TIBETAN_EMPIRE_TRIMALO',
	'CIVILIZATION_MONGOL',
	'Mongol',
	'Map_Tibetan_Empire_Trimalo.dds',
	'TXT_KEY_CIV_DAWN_TIBETAN_EMPIRE_TRIMALO_TEXT',
	'DOM_Tibetan_Empire_Trimalo.dds',
	'TXT_KEY_CIVILIZATION_TIBETAN_EMPIRE_TRIMALO_DESC',
	'TXT_KEY_CIVILIZATION_TIBETAN_EMPIRE_TRIMALO_SHORT_DESC',
	'TXT_KEY_CIVILIZATION_TIBETAN_EMPIRE_TRIMALO_ADJECTIVE',
	Civilopedia,
	CivilopediaTag,
	'PLAYERCOLOR_TIBETAN_EMPIRE_TRIMALO',
	ArtDefineTag,
	ArtStyleType,
	ArtStyleSuffix,
	ArtStylePrefix,
	'TIBETAN_TRIMALO_ICON_ATLAS',
	0,
	'TIBETAN_TRIMALO_ALPHA_ATLAS'
FROM
	Civilizations
WHERE
	Type = 'CIVILIZATION_MONGOL';

-- Civilization_CityNames
INSERT INTO
	Civilization_CityNames (CivilizationType, CityName)
VALUES
	('CIVILIZATION_TIBETAN_EMPIRE_TRIMALO', 'TXT_KEY_CITY_NAME_TIBETAN_EMPIRE_TRIMALO_01'),
	('CIVILIZATION_TIBETAN_EMPIRE_TRIMALO', 'TXT_KEY_CITY_NAME_TIBETAN_EMPIRE_TRIMALO_02'),
	('CIVILIZATION_TIBETAN_EMPIRE_TRIMALO', 'TXT_KEY_CITY_NAME_TIBETAN_EMPIRE_TRIMALO_03'),
	('CIVILIZATION_TIBETAN_EMPIRE_TRIMALO', 'TXT_KEY_CITY_NAME_TIBETAN_EMPIRE_TRIMALO_04'),
	('CIVILIZATION_TIBETAN_EMPIRE_TRIMALO', 'TXT_KEY_CITY_NAME_TIBETAN_EMPIRE_TRIMALO_05'),
	('CIVILIZATION_TIBETAN_EMPIRE_TRIMALO', 'TXT_KEY_CITY_NAME_TIBETAN_EMPIRE_TRIMALO_06'),
	('CIVILIZATION_TIBETAN_EMPIRE_TRIMALO', 'TXT_KEY_CITY_NAME_TIBETAN_EMPIRE_TRIMALO_07'),
	('CIVILIZATION_TIBETAN_EMPIRE_TRIMALO', 'TXT_KEY_CITY_NAME_TIBETAN_EMPIRE_TRIMALO_08'),
	('CIVILIZATION_TIBETAN_EMPIRE_TRIMALO', 'TXT_KEY_CITY_NAME_TIBETAN_EMPIRE_TRIMALO_09'),
	('CIVILIZATION_TIBETAN_EMPIRE_TRIMALO', 'TXT_KEY_CITY_NAME_TIBETAN_EMPIRE_TRIMALO_10'),
	('CIVILIZATION_TIBETAN_EMPIRE_TRIMALO', 'TXT_KEY_CITY_NAME_TIBETAN_EMPIRE_TRIMALO_11'),
	('CIVILIZATION_TIBETAN_EMPIRE_TRIMALO', 'TXT_KEY_CITY_NAME_TIBETAN_EMPIRE_TRIMALO_12'),
	('CIVILIZATION_TIBETAN_EMPIRE_TRIMALO', 'TXT_KEY_CITY_NAME_TIBETAN_EMPIRE_TRIMALO_13'),
	('CIVILIZATION_TIBETAN_EMPIRE_TRIMALO', 'TXT_KEY_CITY_NAME_TIBETAN_EMPIRE_TRIMALO_14'),
	('CIVILIZATION_TIBETAN_EMPIRE_TRIMALO', 'TXT_KEY_CITY_NAME_TIBETAN_EMPIRE_TRIMALO_15'),
	('CIVILIZATION_TIBETAN_EMPIRE_TRIMALO', 'TXT_KEY_CITY_NAME_TIBETAN_EMPIRE_TRIMALO_16'),
	('CIVILIZATION_TIBETAN_EMPIRE_TRIMALO', 'TXT_KEY_CITY_NAME_TIBETAN_EMPIRE_TRIMALO_17'),
	('CIVILIZATION_TIBETAN_EMPIRE_TRIMALO', 'TXT_KEY_CITY_NAME_TIBETAN_EMPIRE_TRIMALO_18'),
	('CIVILIZATION_TIBETAN_EMPIRE_TRIMALO', 'TXT_KEY_CITY_NAME_TIBETAN_EMPIRE_TRIMALO_19'),
	('CIVILIZATION_TIBETAN_EMPIRE_TRIMALO', 'TXT_KEY_CITY_NAME_TIBETAN_EMPIRE_TRIMALO_20'),
	('CIVILIZATION_TIBETAN_EMPIRE_TRIMALO', 'TXT_KEY_CITY_NAME_TIBETAN_EMPIRE_TRIMALO_21'),
	('CIVILIZATION_TIBETAN_EMPIRE_TRIMALO', 'TXT_KEY_CITY_NAME_TIBETAN_EMPIRE_TRIMALO_22'),
	('CIVILIZATION_TIBETAN_EMPIRE_TRIMALO', 'TXT_KEY_CITY_NAME_TIBETAN_EMPIRE_TRIMALO_23'),
	('CIVILIZATION_TIBETAN_EMPIRE_TRIMALO', 'TXT_KEY_CITY_NAME_TIBETAN_EMPIRE_TRIMALO_24'),
	('CIVILIZATION_TIBETAN_EMPIRE_TRIMALO', 'TXT_KEY_CITY_NAME_TIBETAN_EMPIRE_TRIMALO_25'),
	('CIVILIZATION_TIBETAN_EMPIRE_TRIMALO', 'TXT_KEY_CITY_NAME_TIBETAN_EMPIRE_TRIMALO_26'),
	('CIVILIZATION_TIBETAN_EMPIRE_TRIMALO', 'TXT_KEY_CITY_NAME_TIBETAN_EMPIRE_TRIMALO_27'),
	('CIVILIZATION_TIBETAN_EMPIRE_TRIMALO', 'TXT_KEY_CITY_NAME_TIBETAN_EMPIRE_TRIMALO_28'),
	('CIVILIZATION_TIBETAN_EMPIRE_TRIMALO', 'TXT_KEY_CITY_NAME_TIBETAN_EMPIRE_TRIMALO_29'),
	('CIVILIZATION_TIBETAN_EMPIRE_TRIMALO', 'TXT_KEY_CITY_NAME_TIBETAN_EMPIRE_TRIMALO_30'),
	('CIVILIZATION_TIBETAN_EMPIRE_TRIMALO', 'TXT_KEY_CITY_NAME_TIBETAN_EMPIRE_TRIMALO_31'),
	('CIVILIZATION_TIBETAN_EMPIRE_TRIMALO', 'TXT_KEY_CITY_NAME_TIBETAN_EMPIRE_TRIMALO_32'),
	('CIVILIZATION_TIBETAN_EMPIRE_TRIMALO', 'TXT_KEY_CITY_NAME_TIBETAN_EMPIRE_TRIMALO_33'),
	('CIVILIZATION_TIBETAN_EMPIRE_TRIMALO', 'TXT_KEY_CITY_NAME_TIBETAN_EMPIRE_TRIMALO_34'),
	('CIVILIZATION_TIBETAN_EMPIRE_TRIMALO', 'TXT_KEY_CITY_NAME_TIBETAN_EMPIRE_TRIMALO_35'),
	('CIVILIZATION_TIBETAN_EMPIRE_TRIMALO', 'TXT_KEY_CITY_NAME_TIBETAN_EMPIRE_TRIMALO_36'),
	('CIVILIZATION_TIBETAN_EMPIRE_TRIMALO', 'TXT_KEY_CITY_NAME_TIBETAN_EMPIRE_TRIMALO_37'),
	('CIVILIZATION_TIBETAN_EMPIRE_TRIMALO', 'TXT_KEY_CITY_NAME_TIBETAN_EMPIRE_TRIMALO_38'),
	('CIVILIZATION_TIBETAN_EMPIRE_TRIMALO', 'TXT_KEY_CITY_NAME_TIBETAN_EMPIRE_TRIMALO_39'),
	('CIVILIZATION_TIBETAN_EMPIRE_TRIMALO', 'TXT_KEY_CITY_NAME_TIBETAN_EMPIRE_TRIMALO_40'),
	('CIVILIZATION_TIBETAN_EMPIRE_TRIMALO', 'TXT_KEY_CITY_NAME_TIBETAN_EMPIRE_TRIMALO_41'),
	('CIVILIZATION_TIBETAN_EMPIRE_TRIMALO', 'TXT_KEY_CITY_NAME_TIBETAN_EMPIRE_TRIMALO_42'),
	('CIVILIZATION_TIBETAN_EMPIRE_TRIMALO', 'TXT_KEY_CITY_NAME_TIBETAN_EMPIRE_TRIMALO_43'),
	('CIVILIZATION_TIBETAN_EMPIRE_TRIMALO', 'TXT_KEY_CITY_NAME_TIBETAN_EMPIRE_TRIMALO_44'),
	('CIVILIZATION_TIBETAN_EMPIRE_TRIMALO', 'TXT_KEY_CITY_NAME_TIBETAN_EMPIRE_TRIMALO_45'),
	('CIVILIZATION_TIBETAN_EMPIRE_TRIMALO', 'TXT_KEY_CITY_NAME_TIBETAN_EMPIRE_TRIMALO_46'),
	('CIVILIZATION_TIBETAN_EMPIRE_TRIMALO', 'TXT_KEY_CITY_NAME_TIBETAN_EMPIRE_TRIMALO_47'),
	('CIVILIZATION_TIBETAN_EMPIRE_TRIMALO', 'TXT_KEY_CITY_NAME_TIBETAN_EMPIRE_TRIMALO_48'),
	('CIVILIZATION_TIBETAN_EMPIRE_TRIMALO', 'TXT_KEY_CITY_NAME_TIBETAN_EMPIRE_TRIMALO_49'),
	('CIVILIZATION_TIBETAN_EMPIRE_TRIMALO', 'TXT_KEY_CITY_NAME_TIBETAN_EMPIRE_TRIMALO_50'),
	('CIVILIZATION_TIBETAN_EMPIRE_TRIMALO', 'TXT_KEY_CITY_NAME_TIBETAN_EMPIRE_TRIMALO_51'),
	('CIVILIZATION_TIBETAN_EMPIRE_TRIMALO', 'TXT_KEY_CITY_NAME_TIBETAN_EMPIRE_TRIMALO_52'),
	('CIVILIZATION_TIBETAN_EMPIRE_TRIMALO', 'TXT_KEY_CITY_NAME_TIBETAN_EMPIRE_TRIMALO_53'),
	('CIVILIZATION_TIBETAN_EMPIRE_TRIMALO', 'TXT_KEY_CITY_NAME_TIBETAN_EMPIRE_TRIMALO_54'),
	('CIVILIZATION_TIBETAN_EMPIRE_TRIMALO', 'TXT_KEY_CITY_NAME_TIBETAN_EMPIRE_TRIMALO_55');

-- Civilization_FreeBuildingClasses
INSERT INTO
	Civilization_FreeBuildingClasses (CivilizationType, BuildingClassType)
SELECT
	'CIVILIZATION_TIBETAN_EMPIRE_TRIMALO',
	BuildingClassType
FROM
	Civilization_FreeBuildingClasses
WHERE
	CivilizationType = 'CIVILIZATION_MONGOL';

-- Civilization_FreeTechs
INSERT INTO
	Civilization_FreeTechs (CivilizationType, TechType)
SELECT
	'CIVILIZATION_TIBETAN_EMPIRE_TRIMALO',
	TechType
FROM
	Civilization_FreeTechs
WHERE
	CivilizationType = 'CIVILIZATION_MONGOL';

-- Civilization_FreeUnits
INSERT INTO
	Civilization_FreeUnits (CivilizationType, UnitClassType, Count, UnitAIType)
SELECT
	'CIVILIZATION_TIBETAN_EMPIRE_TRIMALO',
	UnitClassType,
	Count,
	UnitAIType
FROM
	Civilization_FreeUnits
WHERE
	CivilizationType = 'CIVILIZATION_MONGOL';

-- Civilization_Leaders
INSERT INTO
	Civilization_Leaders (CivilizationType, LeaderheadType)
VALUES
	('CIVILIZATION_TIBETAN_EMPIRE_TRIMALO', 'LEADER_TIBETAN_EMPIRE_TRIMALO_TRITENG');

-- Civilization_UnitClassOverrides
INSERT INTO
	Civilization_UnitClassOverrides (CivilizationType, UnitClassType, UnitType)
VALUES
	('CIVILIZATION_TIBETAN_EMPIRE_TRIMALO', 'UNITCLASS_GREAT_GENERAL', 'UNIT_LONCHEN');

-- Civilization_BuildingClassOverrides
INSERT INTO
	Civilization_BuildingClassOverrides (CivilizationType, BuildingClassType, BuildingType)
VALUES
	('CIVILIZATION_TIBETAN_EMPIRE_TRIMALO', 'BUILDINGCLASS_TEMPLE', 'BUILDING_TSUKLAKHANG');

-- Civilization_Religions
INSERT INTO
	Civilization_Religions (CivilizationType, ReligionType)
VALUES
	('CIVILIZATION_TIBETAN_EMPIRE_TRIMALO', 'RELIGION_BUDDHISM');

-- Civilization_SpyNames
INSERT INTO
	Civilization_SpyNames (CivilizationType, SpyName)
VALUES
	('CIVILIZATION_TIBETAN_EMPIRE_TRIMALO', 'TXT_KEY_SPY_NAME_TIBETAN_EMPIRE_TRIMALO_0'),
	('CIVILIZATION_TIBETAN_EMPIRE_TRIMALO', 'TXT_KEY_SPY_NAME_TIBETAN_EMPIRE_TRIMALO_1'),
	('CIVILIZATION_TIBETAN_EMPIRE_TRIMALO', 'TXT_KEY_SPY_NAME_TIBETAN_EMPIRE_TRIMALO_2'),
	('CIVILIZATION_TIBETAN_EMPIRE_TRIMALO', 'TXT_KEY_SPY_NAME_TIBETAN_EMPIRE_TRIMALO_3'),
	('CIVILIZATION_TIBETAN_EMPIRE_TRIMALO', 'TXT_KEY_SPY_NAME_TIBETAN_EMPIRE_TRIMALO_4'),
	('CIVILIZATION_TIBETAN_EMPIRE_TRIMALO', 'TXT_KEY_SPY_NAME_TIBETAN_EMPIRE_TRIMALO_5'),
	('CIVILIZATION_TIBETAN_EMPIRE_TRIMALO', 'TXT_KEY_SPY_NAME_TIBETAN_EMPIRE_TRIMALO_6'),
	('CIVILIZATION_TIBETAN_EMPIRE_TRIMALO', 'TXT_KEY_SPY_NAME_TIBETAN_EMPIRE_TRIMALO_7'),
	('CIVILIZATION_TIBETAN_EMPIRE_TRIMALO', 'TXT_KEY_SPY_NAME_TIBETAN_EMPIRE_TRIMALO_8'),
	('CIVILIZATION_TIBETAN_EMPIRE_TRIMALO', 'TXT_KEY_SPY_NAME_TIBETAN_EMPIRE_TRIMALO_9');

-- Civilization_Start_Region_Priority
INSERT INTO
	Civilization_Start_Region_Priority (CivilizationType, RegionType)
VALUES
	('CIVILIZATION_TIBETAN_EMPIRE_TRIMALO', 'REGION_HILLS');