-- BUILDINGS
-- Dummy buildings for UA and UB effects
INSERT INTO
	BuildingClasses (Type, DefaultBuilding, Description)
VALUES
	('BUILDINGCLASS_SPY_POPULATION_TRANSFER', 'BUILDING_SPY_POPULATION_TRANSFER', 'TXT_KEY_BUILDING_SPY_POPULATION_TRANSFER'),
	('BUILDINGCLASS_SPY_COUP_BONUS', 'BUILDING_SPY_COUP_BONUS', 'TXT_KEY_BUILDING_SPY_COUP_BONUS'),
	('BUILDINGCLASS_AMCHI_DEFENSE', 'BUILDING_AMCHI_DEFENSE', 'TXT_KEY_BUILDING_AMCHI_DEFENSE'),
	('BUILDINGCLASS_AMCHI_MARCH', 'BUILDING_AMCHI_MARCH', 'TXT_KEY_BUILDING_AMCHI_MARCH'),
	('BUILDINGCLASS_DANSA_UNEMPLOYED', 'BUILDING_DANSA_UNEMPLOYED', 'TXT_KEY_BUILDING_DANSA_UNEMPLOYED'),
	('BUILDINGCLASS_DANSA_RELIGIOUS_BONUS', 'BUILDING_DANSA_RELIGIOUS_BONUS', 'TXT_KEY_BUILDING_DANSA_RELIGIOUS_BONUS');

INSERT INTO
	Buildings (Type, BuildingClass, Cost, FaithCost, UnlockedByBelief, GoldMaintenance, GreatWorkCount, PrereqTech, Description, Help, Strategy, Civilopedia, ArtDefineTag, MinAreaSize, HurryCostModifier, IconAtlas, NeverCapture, PortraitIndex)
VALUES
	('BUILDING_SPY_POPULATION_TRANSFER', 'BUILDINGCLASS_SPY_POPULATION_TRANSFER', -1, -1, 0, 0, -1, NULL, 'TXT_KEY_BUILDING_SPY_POPULATION_TRANSFER', 'TXT_KEY_BUILDING_SPY_POPULATION_TRANSFER_HELP', NULL, NULL, NULL, -1, -1, 'GANDEN_PHODRANG_LOBSANG_GYATSO_ICON_ATLAS', 1, 0),
	('BUILDING_SPY_COUP_BONUS', 'BUILDINGCLASS_SPY_COUP_BONUS', -1, -1, 0, 0, -1, NULL, 'TXT_KEY_BUILDING_SPY_COUP_BONUS', 'TXT_KEY_BUILDING_SPY_COUP_BONUS_HELP', NULL, NULL, NULL, -1, -1, 'GANDEN_PHODRANG_LOBSANG_GYATSO_ICON_ATLAS', 1, 0),
	('BUILDING_AMCHI_DEFENSE', 'BUILDINGCLASS_AMCHI_DEFENSE', -1, -1, 0, 0, -1, NULL, 'TXT_KEY_BUILDING_AMCHI_DEFENSE', 'TXT_KEY_BUILDING_AMCHI_DEFENSE_HELP', NULL, NULL, NULL, -1, -1, 'GANDEN_PHODRANG_LOBSANG_GYATSO_ICON_ATLAS', 1, 0),
	('BUILDING_AMCHI_MARCH', 'BUILDINGCLASS_AMCHI_MARCH', -1, -1, 0, 0, -1, NULL, 'TXT_KEY_BUILDING_AMCHI_MARCH', 'TXT_KEY_BUILDING_AMCHI_MARCH_HELP', NULL, NULL, NULL, -1, -1, 'GANDEN_PHODRANG_LOBSANG_GYATSO_ICON_ATLAS', 1, 0),
	('BUILDING_DANSA_UNEMPLOYED', 'BUILDINGCLASS_DANSA_UNEMPLOYED', -1, -1, 0, 0, -1, NULL, 'TXT_KEY_BUILDING_DANSA_UNEMPLOYED', 'TXT_KEY_BUILDING_DANSA_UNEMPLOYED_HELP', NULL, NULL, NULL, -1, -1, 'GANDEN_PHODRANG_LOBSANG_GYATSO_ICON_ATLAS', 1, 0),
	('BUILDING_DANSA_RELIGIOUS_BONUS', 'BUILDINGCLASS_DANSA_RELIGIOUS_BONUS', -1, -1, 0, 0, -1, NULL, 'TXT_KEY_BUILDING_DANSA_RELIGIOUS_BONUS', 'TXT_KEY_BUILDING_DANSA_RELIGIOUS_BONUS_HELP', NULL, NULL, NULL, -1, -1, 'GANDEN_PHODRANG_LOBSANG_GYATSO_ICON_ATLAS', 1, 0);

-- Dansa (Observatory replacement)
INSERT INTO
	Buildings (Type, BuildingClass, Cost, FaithCost, UnlockedByBelief, GoldMaintenance, PrereqTech, Description, Help, Strategy, Civilopedia, ArtDefineTag, MinAreaSize, HurryCostModifier, IconAtlas, NeverCapture, PortraitIndex, SpecialistType, SpecialistCount)
SELECT
	'BUILDING_DANSA',
	BuildingClass,
	Cost,
	FaithCost,
	UnlockedByBelief,
	GoldMaintenance,
	PrereqTech,
	'TXT_KEY_BUILDING_DANSA',
	'TXT_KEY_BUILDING_DANSA_HELP',
	'TXT_KEY_BUILDING_DANSA_STRATEGY',
	'TXT_KEY_BUILDING_DANSA_TEXT',
	ArtDefineTag,
	MinAreaSize,
	HurryCostModifier,
	'GANDEN_PHODRANG_LOBSANG_GYATSO_ICON_ATLAS',
	NeverCapture,
	2,
	SpecialistType,
	SpecialistCount
FROM
	Buildings
WHERE
	Type = 'BUILDING_OBSERVATORY';

-- Building Yields
INSERT INTO
	Building_YieldChanges (BuildingType, YieldType, Yield)
VALUES
	('BUILDING_DANSA_UNEMPLOYED', 'YIELD_FAITH', 1),
	('BUILDING_DANSA_UNEMPLOYED', 'YIELD_CULTURE', 1),
	('BUILDING_DANSA_RELIGIOUS_BONUS', 'YIELD_FAITH', 2),
	('BUILDING_DANSA_RELIGIOUS_BONUS', 'YIELD_CULTURE', 2);

INSERT INTO
	Building_YieldChanges (BuildingType, YieldType, Yield)
SELECT
	'BUILDING_DANSA',
	YieldType,
	Yield
FROM
	Building_YieldChanges
WHERE
	BuildingType = 'BUILDING_OBSERVATORY';

-- Building defense bonus
INSERT INTO
	Building_Defense (BuildingType, Defense, ExtraCityHitPoints)
VALUES
	('BUILDING_AMCHI_DEFENSE', 100, 0);

-- Building_ClassesNeededInCity
INSERT INTO
	Building_ClassesNeededInCity (BuildingType, BuildingClassType)
VALUES
	('BUILDING_DANSA', 'BUILDINGCLASS_UNIVERSITY');

-- Building_Flavors
INSERT INTO
	Building_Flavors (BuildingType, FlavorType, Flavor)
SELECT
	'BUILDING_DANSA',
	FlavorType,
	Flavor
FROM
	Building_Flavors
WHERE
	BuildingType = 'BUILDING_OBSERVATORY';

INSERT INTO
	Building_Flavors (BuildingType, FlavorType, Flavor)
VALUES
	('BUILDING_DANSA', 'FLAVOR_RELIGION', 15),
	('BUILDING_DANSA', 'FLAVOR_CULTURE', 10);

-- UNITS
-- Amchi (Inquisitor replacement)
INSERT INTO
	Units (Type, Class, PrereqTech, Combat, RangedCombat, Cost, FaithCost, RequiresFaithPurchaseEnabled, Moves, Range, CombatClass, Domain, Description, Help, Strategy, Civilopedia, MilitarySupport, MilitaryProduction, Pillage, Mechanized, ObsoleteTech, AdvancedStartCost, MinAreaSize, XPValueAttack, XPValueDefense, UnitArtInfo, UnitFlagAtlas, UnitFlagIconOffset, IconAtlas, PortraitIndex, MoveRate, SpreadReligionStrength, RemoveHeresy)
SELECT
	'UNIT_AMCHI',
	'UNITCLASS_INQUISITOR',
	PrereqTech,
	Combat,
	RangedCombat,
	Cost,
	FaithCost,
	RequiresFaithPurchaseEnabled,
	Moves,
	Range,
	CombatClass,
	Domain,
	'TXT_KEY_UNIT_AMCHI',
	'TXT_KEY_UNIT_AMCHI_HELP',
	'TXT_KEY_UNIT_AMCHI_STRATEGY',
	'TXT_KEY_UNIT_AMCHI_TEXT',
	MilitarySupport,
	MilitaryProduction,
	Pillage,
	Mechanized,
	ObsoleteTech,
	AdvancedStartCost,
	MinAreaSize,
	XPValueAttack,
	XPValueDefense,
	'ART_DEF_UNIT_INQUISITOR',
	'GANDEN_PHODRANG_LOBSANG_GYATSO_UNIT_FLAG_ATLAS',
	0,
	'GANDEN_PHODRANG_LOBSANG_GYATSO_ICON_ATLAS',
	3,
	MoveRate,
	SpreadReligionStrength,
	RemoveHeresy
FROM
	Units
WHERE
	Type = 'UNIT_INQUISITOR';

-- LEADERS
INSERT INTO
	Leaders (Type, Description, Civilopedia, CivilopediaTag, ArtDefineTag, IconAtlas, PortraitIndex)
VALUES
	('LEADER_GANDEN_PHODRANG_LOBSANG_GYATSO', 'TXT_KEY_LEADER_GANDEN_PHODRANG_LOBSANG_GYATSO', 'TXT_KEY_LEADER_GANDEN_PHODRANG_LOBSANG_GYATSO_PEDIA', 'TXT_KEY_CIVILOPEDIA_LEADERS_LOBSANG_GYATSO', 'Lobsang_Gyatso_Scene.xml', 'GANDEN_PHODRANG_LOBSANG_GYATSO_ICON_ATLAS', 0);

UPDATE Leaders
SET
	VictoryCompetitiveness = 7,
	WonderCompetitiveness = 10,
	MinorCivCompetitiveness = 10,
	Boldness = 3,
	DiploBalance = 9,
	WarmongerHate = 7,
	DenounceWillingness = 3,
	DoFWillingness = 8,
	Loyalty = 9,
	Neediness = 2,
	Forgiveness = 7,
	Chattiness = 4,
	Meanness = 4
WHERE
	Type = 'LEADER_GANDEN_PHODRANG_LOBSANG_GYATSO';

-- Leader_MajorCivApproachBiases
INSERT INTO
	Leader_MajorCivApproachBiases (LeaderType, MajorCivApproachType, Bias)
VALUES
	('LEADER_GANDEN_PHODRANG_LOBSANG_GYATSO', 'MAJOR_CIV_APPROACH_WAR', 3),
	('LEADER_GANDEN_PHODRANG_LOBSANG_GYATSO', 'MAJOR_CIV_APPROACH_HOSTILE', 3),
	('LEADER_GANDEN_PHODRANG_LOBSANG_GYATSO', 'MAJOR_CIV_APPROACH_DECEPTIVE', 6),
	('LEADER_GANDEN_PHODRANG_LOBSANG_GYATSO', 'MAJOR_CIV_APPROACH_GUARDED', 8),
	('LEADER_GANDEN_PHODRANG_LOBSANG_GYATSO', 'MAJOR_CIV_APPROACH_AFRAID', 4),
	('LEADER_GANDEN_PHODRANG_LOBSANG_GYATSO', 'MAJOR_CIV_APPROACH_FRIENDLY', 7),
	('LEADER_GANDEN_PHODRANG_LOBSANG_GYATSO', 'MAJOR_CIV_APPROACH_NEUTRAL', 6);

-- Leader_MinorCivApproachBiases
INSERT INTO
	Leader_MinorCivApproachBiases (LeaderType, MinorCivApproachType, Bias)
VALUES
	('LEADER_GANDEN_PHODRANG_LOBSANG_GYATSO', 'MINOR_CIV_APPROACH_IGNORE', 2),
	('LEADER_GANDEN_PHODRANG_LOBSANG_GYATSO', 'MINOR_CIV_APPROACH_FRIENDLY', 7),
	('LEADER_GANDEN_PHODRANG_LOBSANG_GYATSO', 'MINOR_CIV_APPROACH_PROTECTIVE', 8),
	('LEADER_GANDEN_PHODRANG_LOBSANG_GYATSO', 'MINOR_CIV_APPROACH_CONQUEST', 3),
	('LEADER_GANDEN_PHODRANG_LOBSANG_GYATSO', 'MINOR_CIV_APPROACH_BULLY', 3);

-- Leader_Flavors
INSERT INTO
	Leader_Flavors (LeaderType, FlavorType, Flavor)
VALUES
	('LEADER_GANDEN_PHODRANG_LOBSANG_GYATSO', 'FLAVOR_OFFENSE', 4),
	('LEADER_GANDEN_PHODRANG_LOBSANG_GYATSO', 'FLAVOR_DEFENSE', 6),
	('LEADER_GANDEN_PHODRANG_LOBSANG_GYATSO', 'FLAVOR_CITY_DEFENSE', 7),
	('LEADER_GANDEN_PHODRANG_LOBSANG_GYATSO', 'FLAVOR_MILITARY_TRAINING', 5),
	('LEADER_GANDEN_PHODRANG_LOBSANG_GYATSO', 'FLAVOR_RECON', 6),
	('LEADER_GANDEN_PHODRANG_LOBSANG_GYATSO', 'FLAVOR_RANGED', 5),
	('LEADER_GANDEN_PHODRANG_LOBSANG_GYATSO', 'FLAVOR_MOBILE', 5),
	('LEADER_GANDEN_PHODRANG_LOBSANG_GYATSO', 'FLAVOR_NAVAL', 3),
	('LEADER_GANDEN_PHODRANG_LOBSANG_GYATSO', 'FLAVOR_NAVAL_RECON', 2),
	('LEADER_GANDEN_PHODRANG_LOBSANG_GYATSO', 'FLAVOR_NAVAL_GROWTH', 2),
	('LEADER_GANDEN_PHODRANG_LOBSANG_GYATSO', 'FLAVOR_NAVAL_TILE_IMPROVEMENT', 2),
	('LEADER_GANDEN_PHODRANG_LOBSANG_GYATSO', 'FLAVOR_AIR', 4),
	('LEADER_GANDEN_PHODRANG_LOBSANG_GYATSO', 'FLAVOR_EXPANSION', 5),
	('LEADER_GANDEN_PHODRANG_LOBSANG_GYATSO', 'FLAVOR_GROWTH', 7),
	('LEADER_GANDEN_PHODRANG_LOBSANG_GYATSO', 'FLAVOR_TILE_IMPROVEMENT', 5),
	('LEADER_GANDEN_PHODRANG_LOBSANG_GYATSO', 'FLAVOR_INFRASTRUCTURE', 7),
	('LEADER_GANDEN_PHODRANG_LOBSANG_GYATSO', 'FLAVOR_PRODUCTION', 6),
	('LEADER_GANDEN_PHODRANG_LOBSANG_GYATSO', 'FLAVOR_GOLD', 5),
	('LEADER_GANDEN_PHODRANG_LOBSANG_GYATSO', 'FLAVOR_SCIENCE', 7),
	('LEADER_GANDEN_PHODRANG_LOBSANG_GYATSO', 'FLAVOR_CULTURE', 8),
	('LEADER_GANDEN_PHODRANG_LOBSANG_GYATSO', 'FLAVOR_HAPPINESS', 6),
	('LEADER_GANDEN_PHODRANG_LOBSANG_GYATSO', 'FLAVOR_GREAT_PEOPLE', 7),
	('LEADER_GANDEN_PHODRANG_LOBSANG_GYATSO', 'FLAVOR_WONDER', 7),
	('LEADER_GANDEN_PHODRANG_LOBSANG_GYATSO', 'FLAVOR_RELIGION', 10),
	('LEADER_GANDEN_PHODRANG_LOBSANG_GYATSO', 'FLAVOR_DIPLOMACY', 9),
	('LEADER_GANDEN_PHODRANG_LOBSANG_GYATSO', 'FLAVOR_SPACESHIP', 3),
	('LEADER_GANDEN_PHODRANG_LOBSANG_GYATSO', 'FLAVOR_WATER_CONNECTION', 3),
	('LEADER_GANDEN_PHODRANG_LOBSANG_GYATSO', 'FLAVOR_NUKE', 2),
	('LEADER_GANDEN_PHODRANG_LOBSANG_GYATSO', 'FLAVOR_USE_NUKE', 1),
	('LEADER_GANDEN_PHODRANG_LOBSANG_GYATSO', 'FLAVOR_ESPIONAGE', 10),
	('LEADER_GANDEN_PHODRANG_LOBSANG_GYATSO', 'FLAVOR_AIRLIFT', 3),
	('LEADER_GANDEN_PHODRANG_LOBSANG_GYATSO', 'FLAVOR_I_TRADE_DESTINATION', 6),
	('LEADER_GANDEN_PHODRANG_LOBSANG_GYATSO', 'FLAVOR_I_TRADE_ORIGIN', 6),
	('LEADER_GANDEN_PHODRANG_LOBSANG_GYATSO', 'FLAVOR_I_SEA_TRADE_ROUTE', 4),
	('LEADER_GANDEN_PHODRANG_LOBSANG_GYATSO', 'FLAVOR_I_LAND_TRADE_ROUTE', 7),
	('LEADER_GANDEN_PHODRANG_LOBSANG_GYATSO', 'FLAVOR_ARCHAEOLOGY', 6),
	('LEADER_GANDEN_PHODRANG_LOBSANG_GYATSO', 'FLAVOR_AIR_CARRIER', 3);

-- Diplomacy_Responses
INSERT INTO
	Diplomacy_Responses (LeaderType, ResponseType, Response, Bias)
VALUES
	('LEADER_GANDEN_PHODRANG_LOBSANG_GYATSO', 'RESPONSE_AI_DOF_BACKSTAB', 'TXT_KEY_LEADER_GANDEN_PHODRANG_LOBSANG_GYATSO_DENOUNCE_FRIEND%', 500),
	('LEADER_GANDEN_PHODRANG_LOBSANG_GYATSO', 'RESPONSE_ATTACKED_HOSTILE', 'TXT_KEY_LEADER_GANDEN_PHODRANG_LOBSANG_GYATSO_ATTACKED_HOSTILE%', 500),
	('LEADER_GANDEN_PHODRANG_LOBSANG_GYATSO', 'RESPONSE_ATTACKED_STRONG_HOSTILE', 'TXT_KEY_LEADER_GANDEN_PHODRANG_LOBSANG_GYATSO_ATTACKED_HOSTILE%', 500),
	('LEADER_GANDEN_PHODRANG_LOBSANG_GYATSO', 'RESPONSE_DEFEATED', 'TXT_KEY_LEADER_GANDEN_PHODRANG_LOBSANG_GYATSO_DEFEATED%', 500),
	('LEADER_GANDEN_PHODRANG_LOBSANG_GYATSO', 'RESPONSE_DOW_GENERIC', 'TXT_KEY_LEADER_GANDEN_PHODRANG_LOBSANG_GYATSO_DOW_GENERIC%', 500),
	('LEADER_GANDEN_PHODRANG_LOBSANG_GYATSO', 'RESPONSE_EXPANSION_SERIOUS_WARNING', 'TXT_KEY_LEADER_GANDEN_PHODRANG_LOBSANG_GYATSO_EXPANSION_SERIOUS_WARNING%', 500),
	('LEADER_GANDEN_PHODRANG_LOBSANG_GYATSO', 'RESPONSE_FIRST_GREETING', 'TXT_KEY_LEADER_GANDEN_PHODRANG_LOBSANG_GYATSO_FIRSTGREETING%', 500),
	('LEADER_GANDEN_PHODRANG_LOBSANG_GYATSO', 'RESPONSE_GREETING_HOSTILE_HELLO', 'TXT_KEY_LEADER_GANDEN_PHODRANG_LOBSANG_GYATSO_GREETING_HOSTILE_HELLO%', 500),
	('LEADER_GANDEN_PHODRANG_LOBSANG_GYATSO', 'RESPONSE_GREETING_NEUTRAL_HELLO', 'TXT_KEY_LEADER_GANDEN_PHODRANG_LOBSANG_GYATSO_GREETING_NEUTRAL_HELLO%', 500),
	('LEADER_GANDEN_PHODRANG_LOBSANG_GYATSO', 'RESPONSE_GREETING_POLITE_HELLO', 'TXT_KEY_LEADER_GANDEN_PHODRANG_LOBSANG_GYATSO_GREETING_POLITE_HELLO%', 500),
	('LEADER_GANDEN_PHODRANG_LOBSANG_GYATSO', 'RESPONSE_HOSTILE_AGGRESSIVE_MILITARY_WARNING', 'TXT_KEY_LEADER_GANDEN_PHODRANG_LOBSANG_GYATSO_HOSTILE_AGGRESSIVE_MILITARY_WARNING%', 500),
	('LEADER_GANDEN_PHODRANG_LOBSANG_GYATSO', 'RESPONSE_LUXURY_TRADE', 'TXT_KEY_LEADER_GANDEN_PHODRANG_LOBSANG_GYATSO_LUXURY_TRADE%', 500),
	('LEADER_GANDEN_PHODRANG_LOBSANG_GYATSO', 'RESPONSE_OPEN_BORDERS_EXCHANGE', 'TXT_KEY_LEADER_GANDEN_PHODRANG_LOBSANG_GYATSO_OPEN_BORDERS_EXCHANGE%', 500),
	('LEADER_GANDEN_PHODRANG_LOBSANG_GYATSO', 'RESPONSE_PLOT_BUYING_SERIOUS_WARNING', 'TXT_KEY_LEADER_GANDEN_PHODRANG_LOBSANG_GYATSO_PLOT_BUYING_SERIOUS_WARNING%', 500),
	('LEADER_GANDEN_PHODRANG_LOBSANG_GYATSO', 'RESPONSE_REQUEST', 'TXT_KEY_LEADER_GANDEN_PHODRANG_LOBSANG_GYATSO_REQUEST%', 500),
	('LEADER_GANDEN_PHODRANG_LOBSANG_GYATSO', 'RESPONSE_RESPONSE_TO_BEING_DENOUNCED', 'TXT_KEY_LEADER_GANDEN_PHODRANG_LOBSANG_GYATSO_RESPONSE_TO_BEING_DENOUNCED%', 500),
	('LEADER_GANDEN_PHODRANG_LOBSANG_GYATSO', 'RESPONSE_TOO_SOON_FOR_DOF', 'TXT_KEY_LEADER_GANDEN_PHODRANG_LOBSANG_GYATSO_TOO_SOON_FOR_DOF%', 500),
	('LEADER_GANDEN_PHODRANG_LOBSANG_GYATSO', 'RESPONSE_TOO_SOON_NO_PEACE', 'TXT_KEY_LEADER_GANDEN_PHODRANG_LOBSANG_GYATSO_TOO_SOON_NO_PEACE%', 500),
	('LEADER_GANDEN_PHODRANG_LOBSANG_GYATSO', 'RESPONSE_WORK_AGAINST_SOMEONE', 'TXT_KEY_LEADER_GANDEN_PHODRANG_LOBSANG_GYATSO_DENOUNCE%', 500),
	('LEADER_GANDEN_PHODRANG_LOBSANG_GYATSO', 'RESPONSE_WORK_WITH_US', 'TXT_KEY_LEADER_GANDEN_PHODRANG_LOBSANG_GYATSO_DEC_FRIENDSHIP%', 500);

-- Leader_Traits
INSERT INTO
	Leader_Traits (LeaderType, TraitType)
VALUES
	('LEADER_GANDEN_PHODRANG_LOBSANG_GYATSO', 'TRAIT_TEN_SYLLABLES_POWER');

-- Traits
INSERT INTO
	Traits (Type, Description, ShortDescription)
VALUES
	('TRAIT_TEN_SYLLABLES_POWER', 'TXT_KEY_TRAIT_TEN_SYLLABLES_POWER', 'TXT_KEY_TRAIT_TEN_SYLLABLES_POWER_SHORT');

-- CIVILIZATIONS
INSERT INTO
	Civilizations (Type, DerivativeCiv, SoundtrackTag, MapImage, DawnOfManQuote, DawnOfManImage, Description, ShortDescription, Adjective, Civilopedia, CivilopediaTag, DefaultPlayerColor, ArtDefineTag, ArtStyleType, ArtStyleSuffix, ArtStylePrefix, IconAtlas, PortraitIndex, AlphaIconAtlas)
SELECT
	'CIVILIZATION_GANDEN_PHODRANG_LOBSANG_GYATSO',
	'CIVILIZATION_MONGOL',
	'Mongol',
	'Map_Ganden_Phodrang_Lobsang_Gyatso.dds',
	'TXT_KEY_CIV_DAWN_GANDEN_PHODRANG_LOBSANG_GYATSO_TEXT',
	'DOM_Ganden_Phodrang_Lobsang_Gyatso.dds',
	'TXT_KEY_CIVILIZATION_GANDEN_PHODRANG_LOBSANG_GYATSO_DESC',
	'TXT_KEY_CIVILIZATION_GANDEN_PHODRANG_LOBSANG_GYATSO_SHORT_DESC',
	'TXT_KEY_CIVILIZATION_GANDEN_PHODRANG_LOBSANG_GYATSO_ADJECTIVE',
	Civilopedia,
	CivilopediaTag,
	'PLAYERCOLOR_GANDEN_PHODRANG_LOBSANG_GYATSO',
	ArtDefineTag,
	ArtStyleType,
	ArtStyleSuffix,
	ArtStylePrefix,
	'GANDEN_PHODRANG_LOBSANG_GYATSO_ICON_ATLAS',
	0,
	'GANDEN_PHODRANG_LOBSANG_GYATSO_ALPHA_ATLAS'
FROM
	Civilizations
WHERE
	Type = 'CIVILIZATION_MONGOL';

-- Civilization_CityNames
INSERT INTO
	Civilization_CityNames (CivilizationType, CityName)
VALUES
	('CIVILIZATION_GANDEN_PHODRANG_LOBSANG_GYATSO', 'TXT_KEY_CITY_NAME_GANDEN_PHODRANG_LOBSANG_GYATSO_01'),
	('CIVILIZATION_GANDEN_PHODRANG_LOBSANG_GYATSO', 'TXT_KEY_CITY_NAME_GANDEN_PHODRANG_LOBSANG_GYATSO_02'),
	('CIVILIZATION_GANDEN_PHODRANG_LOBSANG_GYATSO', 'TXT_KEY_CITY_NAME_GANDEN_PHODRANG_LOBSANG_GYATSO_03'),
	('CIVILIZATION_GANDEN_PHODRANG_LOBSANG_GYATSO', 'TXT_KEY_CITY_NAME_GANDEN_PHODRANG_LOBSANG_GYATSO_04'),
	('CIVILIZATION_GANDEN_PHODRANG_LOBSANG_GYATSO', 'TXT_KEY_CITY_NAME_GANDEN_PHODRANG_LOBSANG_GYATSO_05'),
	('CIVILIZATION_GANDEN_PHODRANG_LOBSANG_GYATSO', 'TXT_KEY_CITY_NAME_GANDEN_PHODRANG_LOBSANG_GYATSO_06'),
	('CIVILIZATION_GANDEN_PHODRANG_LOBSANG_GYATSO', 'TXT_KEY_CITY_NAME_GANDEN_PHODRANG_LOBSANG_GYATSO_07'),
	('CIVILIZATION_GANDEN_PHODRANG_LOBSANG_GYATSO', 'TXT_KEY_CITY_NAME_GANDEN_PHODRANG_LOBSANG_GYATSO_08'),
	('CIVILIZATION_GANDEN_PHODRANG_LOBSANG_GYATSO', 'TXT_KEY_CITY_NAME_GANDEN_PHODRANG_LOBSANG_GYATSO_09'),
	('CIVILIZATION_GANDEN_PHODRANG_LOBSANG_GYATSO', 'TXT_KEY_CITY_NAME_GANDEN_PHODRANG_LOBSANG_GYATSO_10'),
	('CIVILIZATION_GANDEN_PHODRANG_LOBSANG_GYATSO', 'TXT_KEY_CITY_NAME_GANDEN_PHODRANG_LOBSANG_GYATSO_11'),
	('CIVILIZATION_GANDEN_PHODRANG_LOBSANG_GYATSO', 'TXT_KEY_CITY_NAME_GANDEN_PHODRANG_LOBSANG_GYATSO_12'),
	('CIVILIZATION_GANDEN_PHODRANG_LOBSANG_GYATSO', 'TXT_KEY_CITY_NAME_GANDEN_PHODRANG_LOBSANG_GYATSO_13'),
	('CIVILIZATION_GANDEN_PHODRANG_LOBSANG_GYATSO', 'TXT_KEY_CITY_NAME_GANDEN_PHODRANG_LOBSANG_GYATSO_14'),
	('CIVILIZATION_GANDEN_PHODRANG_LOBSANG_GYATSO', 'TXT_KEY_CITY_NAME_GANDEN_PHODRANG_LOBSANG_GYATSO_15'),
	('CIVILIZATION_GANDEN_PHODRANG_LOBSANG_GYATSO', 'TXT_KEY_CITY_NAME_GANDEN_PHODRANG_LOBSANG_GYATSO_16'),
	('CIVILIZATION_GANDEN_PHODRANG_LOBSANG_GYATSO', 'TXT_KEY_CITY_NAME_GANDEN_PHODRANG_LOBSANG_GYATSO_17'),
	('CIVILIZATION_GANDEN_PHODRANG_LOBSANG_GYATSO', 'TXT_KEY_CITY_NAME_GANDEN_PHODRANG_LOBSANG_GYATSO_18'),
	('CIVILIZATION_GANDEN_PHODRANG_LOBSANG_GYATSO', 'TXT_KEY_CITY_NAME_GANDEN_PHODRANG_LOBSANG_GYATSO_19'),
	('CIVILIZATION_GANDEN_PHODRANG_LOBSANG_GYATSO', 'TXT_KEY_CITY_NAME_GANDEN_PHODRANG_LOBSANG_GYATSO_20'),
	('CIVILIZATION_GANDEN_PHODRANG_LOBSANG_GYATSO', 'TXT_KEY_CITY_NAME_GANDEN_PHODRANG_LOBSANG_GYATSO_21'),
	('CIVILIZATION_GANDEN_PHODRANG_LOBSANG_GYATSO', 'TXT_KEY_CITY_NAME_GANDEN_PHODRANG_LOBSANG_GYATSO_22'),
	('CIVILIZATION_GANDEN_PHODRANG_LOBSANG_GYATSO', 'TXT_KEY_CITY_NAME_GANDEN_PHODRANG_LOBSANG_GYATSO_23'),
	('CIVILIZATION_GANDEN_PHODRANG_LOBSANG_GYATSO', 'TXT_KEY_CITY_NAME_GANDEN_PHODRANG_LOBSANG_GYATSO_24'),
	('CIVILIZATION_GANDEN_PHODRANG_LOBSANG_GYATSO', 'TXT_KEY_CITY_NAME_GANDEN_PHODRANG_LOBSANG_GYATSO_25'),
	('CIVILIZATION_GANDEN_PHODRANG_LOBSANG_GYATSO', 'TXT_KEY_CITY_NAME_GANDEN_PHODRANG_LOBSANG_GYATSO_26'),
	('CIVILIZATION_GANDEN_PHODRANG_LOBSANG_GYATSO', 'TXT_KEY_CITY_NAME_GANDEN_PHODRANG_LOBSANG_GYATSO_27'),
	('CIVILIZATION_GANDEN_PHODRANG_LOBSANG_GYATSO', 'TXT_KEY_CITY_NAME_GANDEN_PHODRANG_LOBSANG_GYATSO_28'),
	('CIVILIZATION_GANDEN_PHODRANG_LOBSANG_GYATSO', 'TXT_KEY_CITY_NAME_GANDEN_PHODRANG_LOBSANG_GYATSO_29'),
	('CIVILIZATION_GANDEN_PHODRANG_LOBSANG_GYATSO', 'TXT_KEY_CITY_NAME_GANDEN_PHODRANG_LOBSANG_GYATSO_30'),
	('CIVILIZATION_GANDEN_PHODRANG_LOBSANG_GYATSO', 'TXT_KEY_CITY_NAME_GANDEN_PHODRANG_LOBSANG_GYATSO_31'),
	('CIVILIZATION_GANDEN_PHODRANG_LOBSANG_GYATSO', 'TXT_KEY_CITY_NAME_GANDEN_PHODRANG_LOBSANG_GYATSO_32'),
	('CIVILIZATION_GANDEN_PHODRANG_LOBSANG_GYATSO', 'TXT_KEY_CITY_NAME_GANDEN_PHODRANG_LOBSANG_GYATSO_33'),
	('CIVILIZATION_GANDEN_PHODRANG_LOBSANG_GYATSO', 'TXT_KEY_CITY_NAME_GANDEN_PHODRANG_LOBSANG_GYATSO_34'),
	('CIVILIZATION_GANDEN_PHODRANG_LOBSANG_GYATSO', 'TXT_KEY_CITY_NAME_GANDEN_PHODRANG_LOBSANG_GYATSO_35'),
	('CIVILIZATION_GANDEN_PHODRANG_LOBSANG_GYATSO', 'TXT_KEY_CITY_NAME_GANDEN_PHODRANG_LOBSANG_GYATSO_36'),
	('CIVILIZATION_GANDEN_PHODRANG_LOBSANG_GYATSO', 'TXT_KEY_CITY_NAME_GANDEN_PHODRANG_LOBSANG_GYATSO_37'),
	('CIVILIZATION_GANDEN_PHODRANG_LOBSANG_GYATSO', 'TXT_KEY_CITY_NAME_GANDEN_PHODRANG_LOBSANG_GYATSO_38'),
	('CIVILIZATION_GANDEN_PHODRANG_LOBSANG_GYATSO', 'TXT_KEY_CITY_NAME_GANDEN_PHODRANG_LOBSANG_GYATSO_39'),
	('CIVILIZATION_GANDEN_PHODRANG_LOBSANG_GYATSO', 'TXT_KEY_CITY_NAME_GANDEN_PHODRANG_LOBSANG_GYATSO_40'),
	('CIVILIZATION_GANDEN_PHODRANG_LOBSANG_GYATSO', 'TXT_KEY_CITY_NAME_GANDEN_PHODRANG_LOBSANG_GYATSO_41'),
	('CIVILIZATION_GANDEN_PHODRANG_LOBSANG_GYATSO', 'TXT_KEY_CITY_NAME_GANDEN_PHODRANG_LOBSANG_GYATSO_42'),
	('CIVILIZATION_GANDEN_PHODRANG_LOBSANG_GYATSO', 'TXT_KEY_CITY_NAME_GANDEN_PHODRANG_LOBSANG_GYATSO_43'),
	('CIVILIZATION_GANDEN_PHODRANG_LOBSANG_GYATSO', 'TXT_KEY_CITY_NAME_GANDEN_PHODRANG_LOBSANG_GYATSO_44'),
	('CIVILIZATION_GANDEN_PHODRANG_LOBSANG_GYATSO', 'TXT_KEY_CITY_NAME_GANDEN_PHODRANG_LOBSANG_GYATSO_45'),
	('CIVILIZATION_GANDEN_PHODRANG_LOBSANG_GYATSO', 'TXT_KEY_CITY_NAME_GANDEN_PHODRANG_LOBSANG_GYATSO_46'),
	('CIVILIZATION_GANDEN_PHODRANG_LOBSANG_GYATSO', 'TXT_KEY_CITY_NAME_GANDEN_PHODRANG_LOBSANG_GYATSO_47'),
	('CIVILIZATION_GANDEN_PHODRANG_LOBSANG_GYATSO', 'TXT_KEY_CITY_NAME_GANDEN_PHODRANG_LOBSANG_GYATSO_48'),
	('CIVILIZATION_GANDEN_PHODRANG_LOBSANG_GYATSO', 'TXT_KEY_CITY_NAME_GANDEN_PHODRANG_LOBSANG_GYATSO_49'),
	('CIVILIZATION_GANDEN_PHODRANG_LOBSANG_GYATSO', 'TXT_KEY_CITY_NAME_GANDEN_PHODRANG_LOBSANG_GYATSO_50');

-- Civilization_FreeBuildingClasses
INSERT INTO
	Civilization_FreeBuildingClasses (CivilizationType, BuildingClassType)
SELECT
	'CIVILIZATION_GANDEN_PHODRANG_LOBSANG_GYATSO',
	BuildingClassType
FROM
	Civilization_FreeBuildingClasses
WHERE
	CivilizationType = 'CIVILIZATION_MONGOL';

-- Civilization_FreeTechs
INSERT INTO
	Civilization_FreeTechs (CivilizationType, TechType)
SELECT
	'CIVILIZATION_GANDEN_PHODRANG_LOBSANG_GYATSO',
	TechType
FROM
	Civilization_FreeTechs
WHERE
	CivilizationType = 'CIVILIZATION_MONGOL';

-- Civilization_FreeUnits
INSERT INTO
	Civilization_FreeUnits (CivilizationType, UnitClassType, Count, UnitAIType)
SELECT
	'CIVILIZATION_GANDEN_PHODRANG_LOBSANG_GYATSO',
	UnitClassType,
	Count,
	UnitAIType
FROM
	Civilization_FreeUnits
WHERE
	CivilizationType = 'CIVILIZATION_MONGOL';

-- Civilization_Leaders
INSERT INTO
	Civilization_Leaders (CivilizationType, LeaderheadType)
VALUES
	('CIVILIZATION_GANDEN_PHODRANG_LOBSANG_GYATSO', 'LEADER_GANDEN_PHODRANG_LOBSANG_GYATSO');

-- Civilization_UnitClassOverrides
INSERT INTO
	Civilization_UnitClassOverrides (CivilizationType, UnitClassType, UnitType)
VALUES
	('CIVILIZATION_GANDEN_PHODRANG_LOBSANG_GYATSO', 'UNITCLASS_INQUISITOR', 'UNIT_AMCHI');

-- Civilization_BuildingClassOverrides
INSERT INTO
	Civilization_BuildingClassOverrides (CivilizationType, BuildingClassType, BuildingType)
VALUES
	('CIVILIZATION_GANDEN_PHODRANG_LOBSANG_GYATSO', 'BUILDINGCLASS_OBSERVATORY', 'BUILDING_DANSA');

-- Civilization_Religions
INSERT INTO
	Civilization_Religions (CivilizationType, ReligionType)
VALUES
	('CIVILIZATION_GANDEN_PHODRANG_LOBSANG_GYATSO', 'RELIGION_BUDDHISM');

-- Civilization_SpyNames
INSERT INTO
	Civilization_SpyNames (CivilizationType, SpyName)
VALUES
	('CIVILIZATION_GANDEN_PHODRANG_LOBSANG_GYATSO', 'TXT_KEY_SPY_NAME_GANDEN_PHODRANG_LOBSANG_GYATSO_0'),
	('CIVILIZATION_GANDEN_PHODRANG_LOBSANG_GYATSO', 'TXT_KEY_SPY_NAME_GANDEN_PHODRANG_LOBSANG_GYATSO_1'),
	('CIVILIZATION_GANDEN_PHODRANG_LOBSANG_GYATSO', 'TXT_KEY_SPY_NAME_GANDEN_PHODRANG_LOBSANG_GYATSO_2'),
	('CIVILIZATION_GANDEN_PHODRANG_LOBSANG_GYATSO', 'TXT_KEY_SPY_NAME_GANDEN_PHODRANG_LOBSANG_GYATSO_3'),
	('CIVILIZATION_GANDEN_PHODRANG_LOBSANG_GYATSO', 'TXT_KEY_SPY_NAME_GANDEN_PHODRANG_LOBSANG_GYATSO_4'),
	('CIVILIZATION_GANDEN_PHODRANG_LOBSANG_GYATSO', 'TXT_KEY_SPY_NAME_GANDEN_PHODRANG_LOBSANG_GYATSO_5'),
	('CIVILIZATION_GANDEN_PHODRANG_LOBSANG_GYATSO', 'TXT_KEY_SPY_NAME_GANDEN_PHODRANG_LOBSANG_GYATSO_6'),
	('CIVILIZATION_GANDEN_PHODRANG_LOBSANG_GYATSO', 'TXT_KEY_SPY_NAME_GANDEN_PHODRANG_LOBSANG_GYATSO_7'),
	('CIVILIZATION_GANDEN_PHODRANG_LOBSANG_GYATSO', 'TXT_KEY_SPY_NAME_GANDEN_PHODRANG_LOBSANG_GYATSO_8'),
	('CIVILIZATION_GANDEN_PHODRANG_LOBSANG_GYATSO', 'TXT_KEY_SPY_NAME_GANDEN_PHODRANG_LOBSANG_GYATSO_9');

-- Civilization_Start_Region_Priority
INSERT INTO
	Civilization_Start_Region_Priority (CivilizationType, RegionType)
VALUES
	('CIVILIZATION_GANDEN_PHODRANG_LOBSANG_GYATSO', 'REGION_HILLS');