-- BUILDINGS
-- Dummy buildings for UA effects
INSERT INTO
	BuildingClasses (Type, DefaultBuilding, Description)
VALUES
	('BUILDINGCLASS_TRADE_ROUTE_GOLD', 'BUILDING_TRADE_ROUTE_GOLD', 'TXT_KEY_BUILDING_TRADE_ROUTE_GOLD'),
	('BUILDINGCLASS_HOLY_SITE_ROAD_BONUS', 'BUILDING_HOLY_SITE_ROAD_BONUS', 'TXT_KEY_BUILDING_HOLY_SITE_ROAD_BONUS'),
	('BUILDINGCLASS_TITHE_ACTIVE', 'BUILDING_TITHE_ACTIVE', 'TXT_KEY_BUILDING_TITHE_ACTIVE'),
	('BUILDINGCLASS_TITHE_FAITH_BONUS', 'BUILDING_TITHE_FAITH_BONUS', 'TXT_KEY_BUILDING_TITHE_FAITH_BONUS'),
	('BUILDINGCLASS_CORVEE_SPAWNER', 'BUILDING_CORVEE_SPAWNER', 'TXT_KEY_BUILDING_CORVEE_SPAWNER'),
	('BUILDINGCLASS_CHOLON_FAITH_BONUS', 'BUILDING_CHOLON_FAITH_BONUS', 'TXT_KEY_BUILDING_CHOLON_FAITH_BONUS'),
	('BUILDINGCLASS_ZIMCHONGPA_GARRISON', 'BUILDING_ZIMCHONGPA_GARRISON', 'TXT_KEY_BUILDING_ZIMCHONGPA_GARRISON'),
	('BUILDINGCLASS_ZIMCHONGPA_CONNECTION', 'BUILDING_ZIMCHONGPA_CONNECTION', 'TXT_KEY_BUILDING_ZIMCHONGPA_CONNECTION');

INSERT INTO
	Buildings (Type, BuildingClass, Cost, FaithCost, UnlockedByBelief, GoldMaintenance, GreatWorkCount, PrereqTech, Description, Help, Strategy, Civilopedia, ArtDefineTag, MinAreaSize, HurryCostModifier, IconAtlas, NeverCapture, PortraitIndex)
VALUES
	('BUILDING_TRADE_ROUTE_GOLD', 'BUILDINGCLASS_TRADE_ROUTE_GOLD', -1, -1, 0, 0, -1, NULL, 'TXT_KEY_BUILDING_TRADE_ROUTE_GOLD', 'TXT_KEY_BUILDING_TRADE_ROUTE_GOLD_HELP', NULL, NULL, NULL, -1, -1, 'TIBETAN_EMPIRE_RALPACHEN_ICON_ATLAS', 1, 0),
	('BUILDING_HOLY_SITE_ROAD_BONUS', 'BUILDINGCLASS_HOLY_SITE_ROAD_BONUS', -1, -1, 0, 0, -1, NULL, 'TXT_KEY_BUILDING_HOLY_SITE_ROAD_BONUS', 'TXT_KEY_BUILDING_HOLY_SITE_ROAD_BONUS_HELP', NULL, NULL, NULL, -1, -1, 'TIBETAN_EMPIRE_RALPACHEN_ICON_ATLAS', 1, 0),
	('BUILDING_TITHE_ACTIVE', 'BUILDINGCLASS_TITHE_ACTIVE', -1, -1, 0, 0, -1, NULL, 'TXT_KEY_BUILDING_TITHE_ACTIVE', 'TXT_KEY_BUILDING_TITHE_ACTIVE_HELP', NULL, NULL, NULL, -1, -1, 'TIBETAN_EMPIRE_RALPACHEN_ICON_ATLAS', 1, 0),
	('BUILDING_TITHE_FAITH_BONUS', 'BUILDINGCLASS_TITHE_FAITH_BONUS', -1, -1, 0, 0, -1, NULL, 'TXT_KEY_BUILDING_TITHE_FAITH_BONUS', 'TXT_KEY_BUILDING_TITHE_FAITH_BONUS_HELP', NULL, NULL, NULL, -1, -1, 'TIBETAN_EMPIRE_RALPACHEN_ICON_ATLAS', 1, 0),
	('BUILDING_CORVEE_SPAWNER', 'BUILDINGCLASS_CORVEE_SPAWNER', -1, -1, 0, 0, -1, NULL, 'TXT_KEY_BUILDING_CORVEE_SPAWNER', 'TXT_KEY_BUILDING_CORVEE_SPAWNER_HELP', NULL, NULL, NULL, -1, -1, 'TIBETAN_EMPIRE_RALPACHEN_ICON_ATLAS', 1, 0),
	('BUILDING_CHOLON_FAITH_BONUS', 'BUILDINGCLASS_CHOLON_FAITH_BONUS', -1, -1, 0, 0, -1, NULL, 'TXT_KEY_BUILDING_CHOLON_FAITH_BONUS', 'TXT_KEY_BUILDING_CHOLON_FAITH_BONUS_HELP', NULL, NULL, NULL, -1, -1, 'TIBETAN_EMPIRE_RALPACHEN_ICON_ATLAS', 1, 0),
	('BUILDING_ZIMCHONGPA_GARRISON', 'BUILDINGCLASS_ZIMCHONGPA_GARRISON', -1, -1, 0, 0, -1, NULL, 'TXT_KEY_BUILDING_ZIMCHONGPA_GARRISON', 'TXT_KEY_BUILDING_ZIMCHONGPA_GARRISON_HELP', NULL, NULL, NULL, -1, -1, 'TIBETAN_EMPIRE_RALPACHEN_ICON_ATLAS', 1, 0),
	('BUILDING_ZIMCHONGPA_CONNECTION', 'BUILDINGCLASS_ZIMCHONGPA_CONNECTION', -1, -1, 0, 0, -1, NULL, 'TXT_KEY_BUILDING_ZIMCHONGPA_CONNECTION', 'TXT_KEY_BUILDING_ZIMCHONGPA_CONNECTION_HELP', NULL, NULL, NULL, -1, -1, 'TIBETAN_EMPIRE_RALPACHEN_ICON_ATLAS', 1, 0);

-- Building Yields
INSERT INTO
	Building_YieldChanges (BuildingType, YieldType, Yield)
VALUES
	('BUILDING_TRADE_ROUTE_GOLD', 'YIELD_GOLD', 1),
	('BUILDING_HOLY_SITE_ROAD_BONUS', 'YIELD_GOLD', 1),
	('BUILDING_HOLY_SITE_ROAD_BONUS', 'YIELD_PRODUCTION', 1),
	('BUILDING_HOLY_SITE_ROAD_BONUS', 'YIELD_FAITH', 1),
	('BUILDING_TITHE_FAITH_BONUS', 'YIELD_FAITH', 1),
	('BUILDING_CHOLON_FAITH_BONUS', 'YIELD_FAITH', 1);

-- PROCESSES
INSERT INTO
	Processes (Type, Description, Help, Strategy, IconAtlas, PortraitIndex)
VALUES
	('PROCESS_TITHE', 'TXT_KEY_PROCESS_TITHE', 'TXT_KEY_PROCESS_TITHE_HELP', 'TXT_KEY_PROCESS_TITHE_STRATEGY', 'TIBETAN_EMPIRE_RALPACHEN_ICON_ATLAS', 6);

-- Process yields (base 0, handled in Lua)
INSERT INTO
	Process_ProductionYields (ProcessType, YieldType, Yield)
VALUES
	('PROCESS_TITHE', 'YIELD_FAITH', 0);

-- UNITS
-- Chölön (Great Merchant replacement)
INSERT INTO
	Units (Type, Class, PrereqTech, Combat, RangedCombat, Cost, FaithCost, RequiresFaithPurchaseEnabled, Moves, Range, CombatClass, Domain, Description, Help, Strategy, Civilopedia, MilitarySupport, MilitaryProduction, Pillage, Mechanized, ObsoleteTech, AdvancedStartCost, MinAreaSize, XPValueAttack, XPValueDefense, UnitArtInfo, UnitFlagAtlas, UnitFlagIconOffset, IconAtlas, PortraitIndex, MoveRate, BaseLandAirDefense)
SELECT
	'UNIT_CHOLON',
	'UNITCLASS_MERCHANT',
	PrereqTech,
	Combat,
	RangedCombat,
	Cost,
	FaithCost,
	RequiresFaithPurchaseEnabled,
	Moves,
	Range,
	CombatClass,
	Domain,
	'TXT_KEY_UNIT_CHOLON',
	'TXT_KEY_UNIT_CHOLON_HELP',
	'TXT_KEY_UNIT_CHOLON_STRATEGY',
	'TXT_KEY_UNIT_CHOLON_TEXT',
	MilitarySupport,
	MilitaryProduction,
	Pillage,
	Mechanized,
	ObsoleteTech,
	AdvancedStartCost,
	MinAreaSize,
	XPValueAttack,
	XPValueDefense,
	'ART_DEF_UNIT_MERCHANT',
	'TIBETAN_EMPIRE_RALPACHEN_UNIT_FLAG_ATLAS',
	0,
	'TIBETAN_EMPIRE_RALPACHEN_ICON_ATLAS',
	3,
	MoveRate,
	BaseLandAirDefense
FROM
	Units
WHERE
	Type = 'UNIT_MERCHANT';

-- Zimchongpa (Longswordsman replacement)
INSERT INTO
	Units (Type, Class, PrereqTech, Combat, RangedCombat, Cost, FaithCost, RequiresFaithPurchaseEnabled, Moves, Range, CombatClass, Domain, Description, Help, Strategy, Civilopedia, MilitarySupport, MilitaryProduction, Pillage, Mechanized, ObsoleteTech, AdvancedStartCost, MinAreaSize, XPValueAttack, XPValueDefense, UnitArtInfo, UnitFlagAtlas, UnitFlagIconOffset, IconAtlas, PortraitIndex, MoveRate)
SELECT
	'UNIT_ZIMCHONGPA',
	Class,
	PrereqTech,
	Combat + 3,
	RangedCombat,
	Cost,
	FaithCost,
	RequiresFaithPurchaseEnabled,
	Moves + 1,
	Range,
	CombatClass,
	Domain,
	'TXT_KEY_UNIT_ZIMCHONGPA',
	'TXT_KEY_UNIT_ZIMCHONGPA_HELP',
	'TXT_KEY_UNIT_ZIMCHONGPA_STRATEGY',
	'TXT_KEY_UNIT_ZIMCHONGPA_TEXT',
	MilitarySupport,
	MilitaryProduction,
	Pillage,
	Mechanized,
	ObsoleteTech,
	AdvancedStartCost,
	MinAreaSize,
	XPValueAttack,
	XPValueDefense,
	'ART_DEF_UNIT_LONGSWORDSMAN',
	'TIBETAN_EMPIRE_RALPACHEN_UNIT_FLAG_ATLAS',
	1,
	'TIBETAN_EMPIRE_RALPACHEN_ICON_ATLAS',
	4,
	MoveRate
FROM
	Units
WHERE
	Type = 'UNIT_LONGSWORDSMAN';

-- Combined Terrain Promotion for Zimchongpa
INSERT INTO
	UnitPromotions (Type, Description, Help, Sound, CannotBeChosen, LostWithUpgrade, PortraitIndex, IconAtlas, PediaType, PediaEntry)
VALUES
	('PROMOTION_ZIMCHONGPA_TERRAIN', 'TXT_KEY_PROMOTION_ZIMCHONGPA_TERRAIN', 'TXT_KEY_PROMOTION_ZIMCHONGPA_TERRAIN_HELP', 'AS2D_IF_LEVELUP', 1, 0, 59, 'ABILITY_ATLAS', 'PEDIA_ATTRIBUTES', 'TXT_KEY_PROMOTION_ZIMCHONGPA_TERRAIN'),
	('PROMOTION_CORVEE', 'TXT_KEY_PROMOTION_CORVEE', 'TXT_KEY_PROMOTION_CORVEE_HELP', 'AS2D_IF_LEVELUP', 1, 0, 59, 'ABILITY_ATLAS', 'PEDIA_ATTRIBUTES', 'TXT_KEY_PROMOTION_CORVEE');

-- Combined terrain effects: Hill bonus and adjacent to mountain bonus
INSERT INTO
	UnitPromotions_Terrains (PromotionType, TerrainType, Attack, Defense)
VALUES
	('PROMOTION_ZIMCHONGPA_TERRAIN', 'TERRAIN_HILL', 15, 15);

UPDATE UnitPromotions
SET
	AdjacentMod = 10
WHERE
	Type = 'PROMOTION_ZIMCHONGPA_TERRAIN';

UPDATE UnitPromotions
SET
	Attack = -20,
	Defense = -20,
	ExperiencePercent = -100
WHERE
	Type = 'PROMOTION_CORVEE';

INSERT INTO
	Unit_FreePromotions (UnitType, PromotionType)
VALUES
	('UNIT_ZIMCHONGPA', 'PROMOTION_ZIMCHONGPA_TERRAIN');

-- LEADERS
INSERT INTO
	Leaders (Type, Description, Civilopedia, CivilopediaTag, ArtDefineTag, IconAtlas, PortraitIndex)
VALUES
	('LEADER_TIBETAN_EMPIRE_RALPACHEN', 'TXT_KEY_LEADER_TIBETAN_EMPIRE_RALPACHEN', 'TXT_KEY_LEADER_TIBETAN_EMPIRE_RALPACHEN_PEDIA', 'TXT_KEY_CIVILOPEDIA_LEADERS_RALPACHEN', 'Ralpachen_Scene.xml', 'TIBETAN_EMPIRE_RALPACHEN_ICON_ATLAS', 0);

UPDATE Leaders
SET
	VictoryCompetitiveness = 6,
	WonderCompetitiveness = 7,
	MinorCivCompetitiveness = 8,
	Boldness = 4,
	DiploBalance = 8,
	WarmongerHate = 4,
	DenounceWillingness = 4,
	DoFWillingness = 8,
	Loyalty = 9,
	Neediness = 3,
	Forgiveness = 8,
	Chattiness = 5,
	Meanness = 2
WHERE
	Type = 'LEADER_TIBETAN_EMPIRE_RALPACHEN';

-- Leader_MajorCivApproachBiases
INSERT INTO
	Leader_MajorCivApproachBiases (LeaderType, MajorCivApproachType, Bias)
VALUES
	('LEADER_TIBETAN_EMPIRE_RALPACHEN', 'MAJOR_CIV_APPROACH_WAR', 7),
	('LEADER_TIBETAN_EMPIRE_RALPACHEN', 'MAJOR_CIV_APPROACH_HOSTILE', 3),
	('LEADER_TIBETAN_EMPIRE_RALPACHEN', 'MAJOR_CIV_APPROACH_DECEPTIVE', 2),
	('LEADER_TIBETAN_EMPIRE_RALPACHEN', 'MAJOR_CIV_APPROACH_GUARDED', 4),
	('LEADER_TIBETAN_EMPIRE_RALPACHEN', 'MAJOR_CIV_APPROACH_AFRAID', 3),
	('LEADER_TIBETAN_EMPIRE_RALPACHEN', 'MAJOR_CIV_APPROACH_FRIENDLY', 5),
	('LEADER_TIBETAN_EMPIRE_RALPACHEN', 'MAJOR_CIV_APPROACH_NEUTRAL', 7);

-- Leader_MinorCivApproachBiases
INSERT INTO
	Leader_MinorCivApproachBiases (LeaderType, MinorCivApproachType, Bias)
VALUES
	('LEADER_TIBETAN_EMPIRE_RALPACHEN', 'MINOR_CIV_APPROACH_IGNORE', 2),
	('LEADER_TIBETAN_EMPIRE_RALPACHEN', 'MINOR_CIV_APPROACH_FRIENDLY', 8),
	('LEADER_TIBETAN_EMPIRE_RALPACHEN', 'MINOR_CIV_APPROACH_PROTECTIVE', 9),
	('LEADER_TIBETAN_EMPIRE_RALPACHEN', 'MINOR_CIV_APPROACH_CONQUEST', 2),
	('LEADER_TIBETAN_EMPIRE_RALPACHEN', 'MINOR_CIV_APPROACH_BULLY', 1);

-- Leader_Flavors
INSERT INTO
	Leader_Flavors (LeaderType, FlavorType, Flavor)
VALUES
	('LEADER_TIBETAN_EMPIRE_RALPACHEN', 'FLAVOR_OFFENSE', 6),
	('LEADER_TIBETAN_EMPIRE_RALPACHEN', 'FLAVOR_DEFENSE', 5),
	('LEADER_TIBETAN_EMPIRE_RALPACHEN', 'FLAVOR_CITY_DEFENSE', 6),
	('LEADER_TIBETAN_EMPIRE_RALPACHEN', 'FLAVOR_MILITARY_TRAINING', 6),
	('LEADER_TIBETAN_EMPIRE_RALPACHEN', 'FLAVOR_RECON', 4),
	('LEADER_TIBETAN_EMPIRE_RALPACHEN', 'FLAVOR_RANGED', 4),
	('LEADER_TIBETAN_EMPIRE_RALPACHEN', 'FLAVOR_MOBILE', 6),
	('LEADER_TIBETAN_EMPIRE_RALPACHEN', 'FLAVOR_NAVAL', 3),
	('LEADER_TIBETAN_EMPIRE_RALPACHEN', 'FLAVOR_NAVAL_RECON', 3),
	('LEADER_TIBETAN_EMPIRE_RALPACHEN', 'FLAVOR_NAVAL_GROWTH', 3),
	('LEADER_TIBETAN_EMPIRE_RALPACHEN', 'FLAVOR_NAVAL_TILE_IMPROVEMENT', 3),
	('LEADER_TIBETAN_EMPIRE_RALPACHEN', 'FLAVOR_AIR', 4),
	('LEADER_TIBETAN_EMPIRE_RALPACHEN', 'FLAVOR_EXPANSION', 8),
	('LEADER_TIBETAN_EMPIRE_RALPACHEN', 'FLAVOR_GROWTH', 5),
	('LEADER_TIBETAN_EMPIRE_RALPACHEN', 'FLAVOR_TILE_IMPROVEMENT', 7),
	('LEADER_TIBETAN_EMPIRE_RALPACHEN', 'FLAVOR_INFRASTRUCTURE', 6),
	('LEADER_TIBETAN_EMPIRE_RALPACHEN', 'FLAVOR_PRODUCTION', 8),
	('LEADER_TIBETAN_EMPIRE_RALPACHEN', 'FLAVOR_GOLD', 10),
	('LEADER_TIBETAN_EMPIRE_RALPACHEN', 'FLAVOR_SCIENCE', 6),
	('LEADER_TIBETAN_EMPIRE_RALPACHEN', 'FLAVOR_CULTURE', 5),
	('LEADER_TIBETAN_EMPIRE_RALPACHEN', 'FLAVOR_HAPPINESS', 7),
	('LEADER_TIBETAN_EMPIRE_RALPACHEN', 'FLAVOR_GREAT_PEOPLE', 8),
	('LEADER_TIBETAN_EMPIRE_RALPACHEN', 'FLAVOR_WONDER', 6),
	('LEADER_TIBETAN_EMPIRE_RALPACHEN', 'FLAVOR_RELIGION', 9),
	('LEADER_TIBETAN_EMPIRE_RALPACHEN', 'FLAVOR_DIPLOMACY', 8),
	('LEADER_TIBETAN_EMPIRE_RALPACHEN', 'FLAVOR_SPACESHIP', 3),
	('LEADER_TIBETAN_EMPIRE_RALPACHEN', 'FLAVOR_WATER_CONNECTION', 5),
	('LEADER_TIBETAN_EMPIRE_RALPACHEN', 'FLAVOR_NUKE', 1),
	('LEADER_TIBETAN_EMPIRE_RALPACHEN', 'FLAVOR_USE_NUKE', 1),
	('LEADER_TIBETAN_EMPIRE_RALPACHEN', 'FLAVOR_ESPIONAGE', 4),
	('LEADER_TIBETAN_EMPIRE_RALPACHEN', 'FLAVOR_AIRLIFT', 4),
	('LEADER_TIBETAN_EMPIRE_RALPACHEN', 'FLAVOR_I_TRADE_DESTINATION', 9),
	('LEADER_TIBETAN_EMPIRE_RALPACHEN', 'FLAVOR_I_TRADE_ORIGIN', 10),
	('LEADER_TIBETAN_EMPIRE_RALPACHEN', 'FLAVOR_I_SEA_TRADE_ROUTE', 7),
	('LEADER_TIBETAN_EMPIRE_RALPACHEN', 'FLAVOR_I_LAND_TRADE_ROUTE', 10),
	('LEADER_TIBETAN_EMPIRE_RALPACHEN', 'FLAVOR_ARCHAEOLOGY', 4),
	('LEADER_TIBETAN_EMPIRE_RALPACHEN', 'FLAVOR_AIR_CARRIER', 3);

-- Diplomacy_Responses
INSERT INTO
	Diplomacy_Responses (LeaderType, ResponseType, Response, Bias)
VALUES
	('LEADER_TIBETAN_EMPIRE_RALPACHEN', 'RESPONSE_AI_DOF_BACKSTAB', 'TXT_KEY_LEADER_TIBETAN_EMPIRE_RALPACHEN_DENOUNCE_FRIEND%', 500),
	('LEADER_TIBETAN_EMPIRE_RALPACHEN', 'RESPONSE_ATTACKED_HOSTILE', 'TXT_KEY_LEADER_TIBETAN_EMPIRE_RALPACHEN_ATTACKED_HOSTILE%', 500),
	('LEADER_TIBETAN_EMPIRE_RALPACHEN', 'RESPONSE_ATTACKED_STRONG_HOSTILE', 'TXT_KEY_LEADER_TIBETAN_EMPIRE_RALPACHEN_ATTACKED_HOSTILE%', 500),
	('LEADER_TIBETAN_EMPIRE_RALPACHEN', 'RESPONSE_DEFEATED', 'TXT_KEY_LEADER_TIBETAN_EMPIRE_RALPACHEN_DEFEATED%', 500),
	('LEADER_TIBETAN_EMPIRE_RALPACHEN', 'RESPONSE_DOW_GENERIC', 'TXT_KEY_LEADER_TIBETAN_EMPIRE_RALPACHEN_DOW_GENERIC%', 500),
	('LEADER_TIBETAN_EMPIRE_RALPACHEN', 'RESPONSE_EXPANSION_SERIOUS_WARNING', 'TXT_KEY_LEADER_TIBETAN_EMPIRE_RALPACHEN_EXPANSION_SERIOUS_WARNING%', 500),
	('LEADER_TIBETAN_EMPIRE_RALPACHEN', 'RESPONSE_FIRST_GREETING', 'TXT_KEY_LEADER_TIBETAN_EMPIRE_RALPACHEN_FIRSTGREETING%', 500),
	('LEADER_TIBETAN_EMPIRE_RALPACHEN', 'RESPONSE_GREETING_HOSTILE_HELLO', 'TXT_KEY_LEADER_TIBETAN_EMPIRE_RALPACHEN_GREETING_HOSTILE_HELLO%', 500),
	('LEADER_TIBETAN_EMPIRE_RALPACHEN', 'RESPONSE_GREETING_NEUTRAL_HELLO', 'TXT_KEY_LEADER_TIBETAN_EMPIRE_RALPACHEN_GREETING_NEUTRAL_HELLO%', 500),
	('LEADER_TIBETAN_EMPIRE_RALPACHEN', 'RESPONSE_GREETING_POLITE_HELLO', 'TXT_KEY_LEADER_TIBETAN_EMPIRE_RALPACHEN_GREETING_POLITE_HELLO%', 500),
	('LEADER_TIBETAN_EMPIRE_RALPACHEN', 'RESPONSE_HOSTILE_AGGRESSIVE_MILITARY_WARNING', 'TXT_KEY_LEADER_TIBETAN_EMPIRE_RALPACHEN_HOSTILE_AGGRESSIVE_MILITARY_WARNING%', 500),
	('LEADER_TIBETAN_EMPIRE_RALPACHEN', 'RESPONSE_LUXURY_TRADE', 'TXT_KEY_LEADER_TIBETAN_EMPIRE_RALPACHEN_LUXURY_TRADE%', 500),
	('LEADER_TIBETAN_EMPIRE_RALPACHEN', 'RESPONSE_OPEN_BORDERS_EXCHANGE', 'TXT_KEY_LEADER_TIBETAN_EMPIRE_RALPACHEN_OPEN_BORDERS_EXCHANGE%', 500),
	('LEADER_TIBETAN_EMPIRE_RALPACHEN', 'RESPONSE_PLOT_BUYING_SERIOUS_WARNING', 'TXT_KEY_LEADER_TIBETAN_EMPIRE_RALPACHEN_PLOT_BUYING_SERIOUS_WARNING%', 500),
	('LEADER_TIBETAN_EMPIRE_RALPACHEN', 'RESPONSE_REQUEST', 'TXT_KEY_LEADER_TIBETAN_EMPIRE_RALPACHEN_REQUEST%', 500),
	('LEADER_TIBETAN_EMPIRE_RALPACHEN', 'RESPONSE_RESPONSE_TO_BEING_DENOUNCED', 'TXT_KEY_LEADER_TIBETAN_EMPIRE_RALPACHEN_RESPONSE_TO_BEING_DENOUNCED%', 500),
	('LEADER_TIBETAN_EMPIRE_RALPACHEN', 'RESPONSE_TOO_SOON_FOR_DOF', 'TXT_KEY_LEADER_TIBETAN_EMPIRE_RALPACHEN_TOO_SOON_FOR_DOF%', 500),
	('LEADER_TIBETAN_EMPIRE_RALPACHEN', 'RESPONSE_TOO_SOON_NO_PEACE', 'TXT_KEY_LEADER_TIBETAN_EMPIRE_RALPACHEN_TOO_SOON_NO_PEACE%', 500),
	('LEADER_TIBETAN_EMPIRE_RALPACHEN', 'RESPONSE_WORK_AGAINST_SOMEONE', 'TXT_KEY_LEADER_TIBETAN_EMPIRE_RALPACHEN_DENOUNCE%', 500),
	('LEADER_TIBETAN_EMPIRE_RALPACHEN', 'RESPONSE_WORK_WITH_US', 'TXT_KEY_LEADER_TIBETAN_EMPIRE_RALPACHEN_DEC_FRIENDSHIP%', 500);

-- Leader_Traits
INSERT INTO
	Leader_Traits (LeaderType, TraitType)
VALUES
	('LEADER_TIBETAN_EMPIRE_RALPACHEN', 'TRAIT_CHAKRAVARTIN_SILK_ROAD');

-- Traits
INSERT INTO
	Traits (Type, Description, ShortDescription)
VALUES
	('TRAIT_CHAKRAVARTIN_SILK_ROAD', 'TXT_KEY_TRAIT_CHAKRAVARTIN_SILK_ROAD', 'TXT_KEY_TRAIT_CHAKRAVARTIN_SILK_ROAD_SHORT');

-- CIVILIZATIONS
INSERT INTO
	Civilizations (Type, DerivativeCiv, SoundtrackTag, MapImage, DawnOfManQuote, DawnOfManImage, Description, ShortDescription, Adjective, Civilopedia, CivilopediaTag, DefaultPlayerColor, ArtDefineTag, ArtStyleType, ArtStyleSuffix, ArtStylePrefix, IconAtlas, PortraitIndex, AlphaIconAtlas)
SELECT
	'CIVILIZATION_TIBETAN_EMPIRE_RALPACHEN',
	'CIVILIZATION_MONGOL',
	'Mongol',
	'Map_Tibetan_Empire_Ralpachen.dds',
	'TXT_KEY_CIV_DAWN_TIBETAN_EMPIRE_RALPACHEN_TEXT',
	'DOM_Tibetan_Empire_Ralpachen.dds',
	'TXT_KEY_CIVILIZATION_TIBETAN_EMPIRE_RALPACHEN_DESC',
	'TXT_KEY_CIVILIZATION_TIBETAN_EMPIRE_RALPACHEN_SHORT_DESC',
	'TXT_KEY_CIVILIZATION_TIBETAN_EMPIRE_RALPACHEN_ADJECTIVE',
	Civilopedia,
	CivilopediaTag,
	'PLAYERCOLOR_TIBETAN_EMPIRE_RALPACHEN',
	ArtDefineTag,
	ArtStyleType,
	ArtStyleSuffix,
	ArtStylePrefix,
	'TIBETAN_EMPIRE_RALPACHEN_ICON_ATLAS',
	0,
	'TIBETAN_EMPIRE_RALPACHEN_ALPHA_ATLAS'
FROM
	Civilizations
WHERE
	Type = 'CIVILIZATION_MONGOL';

-- Civilization_CityNames
INSERT INTO
	Civilization_CityNames (CivilizationType, CityName)
VALUES
	('CIVILIZATION_TIBETAN_EMPIRE_RALPACHEN', 'TXT_KEY_CITY_NAME_TIBETAN_EMPIRE_RALPACHEN_01'),
	('CIVILIZATION_TIBETAN_EMPIRE_RALPACHEN', 'TXT_KEY_CITY_NAME_TIBETAN_EMPIRE_RALPACHEN_02'),
	('CIVILIZATION_TIBETAN_EMPIRE_RALPACHEN', 'TXT_KEY_CITY_NAME_TIBETAN_EMPIRE_RALPACHEN_03'),
	('CIVILIZATION_TIBETAN_EMPIRE_RALPACHEN', 'TXT_KEY_CITY_NAME_TIBETAN_EMPIRE_RALPACHEN_04'),
	('CIVILIZATION_TIBETAN_EMPIRE_RALPACHEN', 'TXT_KEY_CITY_NAME_TIBETAN_EMPIRE_RALPACHEN_05'),
	('CIVILIZATION_TIBETAN_EMPIRE_RALPACHEN', 'TXT_KEY_CITY_NAME_TIBETAN_EMPIRE_RALPACHEN_06'),
	('CIVILIZATION_TIBETAN_EMPIRE_RALPACHEN', 'TXT_KEY_CITY_NAME_TIBETAN_EMPIRE_RALPACHEN_07'),
	('CIVILIZATION_TIBETAN_EMPIRE_RALPACHEN', 'TXT_KEY_CITY_NAME_TIBETAN_EMPIRE_RALPACHEN_08'),
	('CIVILIZATION_TIBETAN_EMPIRE_RALPACHEN', 'TXT_KEY_CITY_NAME_TIBETAN_EMPIRE_RALPACHEN_09'),
	('CIVILIZATION_TIBETAN_EMPIRE_RALPACHEN', 'TXT_KEY_CITY_NAME_TIBETAN_EMPIRE_RALPACHEN_10'),
	('CIVILIZATION_TIBETAN_EMPIRE_RALPACHEN', 'TXT_KEY_CITY_NAME_TIBETAN_EMPIRE_RALPACHEN_11'),
	('CIVILIZATION_TIBETAN_EMPIRE_RALPACHEN', 'TXT_KEY_CITY_NAME_TIBETAN_EMPIRE_RALPACHEN_12'),
	('CIVILIZATION_TIBETAN_EMPIRE_RALPACHEN', 'TXT_KEY_CITY_NAME_TIBETAN_EMPIRE_RALPACHEN_13'),
	('CIVILIZATION_TIBETAN_EMPIRE_RALPACHEN', 'TXT_KEY_CITY_NAME_TIBETAN_EMPIRE_RALPACHEN_14'),
	('CIVILIZATION_TIBETAN_EMPIRE_RALPACHEN', 'TXT_KEY_CITY_NAME_TIBETAN_EMPIRE_RALPACHEN_15'),
	('CIVILIZATION_TIBETAN_EMPIRE_RALPACHEN', 'TXT_KEY_CITY_NAME_TIBETAN_EMPIRE_RALPACHEN_16'),
	('CIVILIZATION_TIBETAN_EMPIRE_RALPACHEN', 'TXT_KEY_CITY_NAME_TIBETAN_EMPIRE_RALPACHEN_17'),
	('CIVILIZATION_TIBETAN_EMPIRE_RALPACHEN', 'TXT_KEY_CITY_NAME_TIBETAN_EMPIRE_RALPACHEN_18'),
	('CIVILIZATION_TIBETAN_EMPIRE_RALPACHEN', 'TXT_KEY_CITY_NAME_TIBETAN_EMPIRE_RALPACHEN_19'),
	('CIVILIZATION_TIBETAN_EMPIRE_RALPACHEN', 'TXT_KEY_CITY_NAME_TIBETAN_EMPIRE_RALPACHEN_20'),
	('CIVILIZATION_TIBETAN_EMPIRE_RALPACHEN', 'TXT_KEY_CITY_NAME_TIBETAN_EMPIRE_RALPACHEN_21'),
	('CIVILIZATION_TIBETAN_EMPIRE_RALPACHEN', 'TXT_KEY_CITY_NAME_TIBETAN_EMPIRE_RALPACHEN_22'),
	('CIVILIZATION_TIBETAN_EMPIRE_RALPACHEN', 'TXT_KEY_CITY_NAME_TIBETAN_EMPIRE_RALPACHEN_23'),
	('CIVILIZATION_TIBETAN_EMPIRE_RALPACHEN', 'TXT_KEY_CITY_NAME_TIBETAN_EMPIRE_RALPACHEN_24'),
	('CIVILIZATION_TIBETAN_EMPIRE_RALPACHEN', 'TXT_KEY_CITY_NAME_TIBETAN_EMPIRE_RALPACHEN_25'),
	('CIVILIZATION_TIBETAN_EMPIRE_RALPACHEN', 'TXT_KEY_CITY_NAME_TIBETAN_EMPIRE_RALPACHEN_26'),
	('CIVILIZATION_TIBETAN_EMPIRE_RALPACHEN', 'TXT_KEY_CITY_NAME_TIBETAN_EMPIRE_RALPACHEN_27'),
	('CIVILIZATION_TIBETAN_EMPIRE_RALPACHEN', 'TXT_KEY_CITY_NAME_TIBETAN_EMPIRE_RALPACHEN_28'),
	('CIVILIZATION_TIBETAN_EMPIRE_RALPACHEN', 'TXT_KEY_CITY_NAME_TIBETAN_EMPIRE_RALPACHEN_29'),
	('CIVILIZATION_TIBETAN_EMPIRE_RALPACHEN', 'TXT_KEY_CITY_NAME_TIBETAN_EMPIRE_RALPACHEN_30'),
	('CIVILIZATION_TIBETAN_EMPIRE_RALPACHEN', 'TXT_KEY_CITY_NAME_TIBETAN_EMPIRE_RALPACHEN_31'),
	('CIVILIZATION_TIBETAN_EMPIRE_RALPACHEN', 'TXT_KEY_CITY_NAME_TIBETAN_EMPIRE_RALPACHEN_32'),
	('CIVILIZATION_TIBETAN_EMPIRE_RALPACHEN', 'TXT_KEY_CITY_NAME_TIBETAN_EMPIRE_RALPACHEN_33'),
	('CIVILIZATION_TIBETAN_EMPIRE_RALPACHEN', 'TXT_KEY_CITY_NAME_TIBETAN_EMPIRE_RALPACHEN_34'),
	('CIVILIZATION_TIBETAN_EMPIRE_RALPACHEN', 'TXT_KEY_CITY_NAME_TIBETAN_EMPIRE_RALPACHEN_35'),
	('CIVILIZATION_TIBETAN_EMPIRE_RALPACHEN', 'TXT_KEY_CITY_NAME_TIBETAN_EMPIRE_RALPACHEN_36'),
	('CIVILIZATION_TIBETAN_EMPIRE_RALPACHEN', 'TXT_KEY_CITY_NAME_TIBETAN_EMPIRE_RALPACHEN_37'),
	('CIVILIZATION_TIBETAN_EMPIRE_RALPACHEN', 'TXT_KEY_CITY_NAME_TIBETAN_EMPIRE_RALPACHEN_38'),
	('CIVILIZATION_TIBETAN_EMPIRE_RALPACHEN', 'TXT_KEY_CITY_NAME_TIBETAN_EMPIRE_RALPACHEN_39'),
	('CIVILIZATION_TIBETAN_EMPIRE_RALPACHEN', 'TXT_KEY_CITY_NAME_TIBETAN_EMPIRE_RALPACHEN_40'),
	('CIVILIZATION_TIBETAN_EMPIRE_RALPACHEN', 'TXT_KEY_CITY_NAME_TIBETAN_EMPIRE_RALPACHEN_41'),
	('CIVILIZATION_TIBETAN_EMPIRE_RALPACHEN', 'TXT_KEY_CITY_NAME_TIBETAN_EMPIRE_RALPACHEN_42'),
	('CIVILIZATION_TIBETAN_EMPIRE_RALPACHEN', 'TXT_KEY_CITY_NAME_TIBETAN_EMPIRE_RALPACHEN_43'),
	('CIVILIZATION_TIBETAN_EMPIRE_RALPACHEN', 'TXT_KEY_CITY_NAME_TIBETAN_EMPIRE_RALPACHEN_44'),
	('CIVILIZATION_TIBETAN_EMPIRE_RALPACHEN', 'TXT_KEY_CITY_NAME_TIBETAN_EMPIRE_RALPACHEN_45'),
	('CIVILIZATION_TIBETAN_EMPIRE_RALPACHEN', 'TXT_KEY_CITY_NAME_TIBETAN_EMPIRE_RALPACHEN_46'),
	('CIVILIZATION_TIBETAN_EMPIRE_RALPACHEN', 'TXT_KEY_CITY_NAME_TIBETAN_EMPIRE_RALPACHEN_47'),
	('CIVILIZATION_TIBETAN_EMPIRE_RALPACHEN', 'TXT_KEY_CITY_NAME_TIBETAN_EMPIRE_RALPACHEN_48'),
	('CIVILIZATION_TIBETAN_EMPIRE_RALPACHEN', 'TXT_KEY_CITY_NAME_TIBETAN_EMPIRE_RALPACHEN_49'),
	('CIVILIZATION_TIBETAN_EMPIRE_RALPACHEN', 'TXT_KEY_CITY_NAME_TIBETAN_EMPIRE_RALPACHEN_50'),
	('CIVILIZATION_TIBETAN_EMPIRE_RALPACHEN', 'TXT_KEY_CITY_NAME_TIBETAN_EMPIRE_RALPACHEN_51'),
	('CIVILIZATION_TIBETAN_EMPIRE_RALPACHEN', 'TXT_KEY_CITY_NAME_TIBETAN_EMPIRE_RALPACHEN_52'),
	('CIVILIZATION_TIBETAN_EMPIRE_RALPACHEN', 'TXT_KEY_CITY_NAME_TIBETAN_EMPIRE_RALPACHEN_53'),
	('CIVILIZATION_TIBETAN_EMPIRE_RALPACHEN', 'TXT_KEY_CITY_NAME_TIBETAN_EMPIRE_RALPACHEN_54'),
	('CIVILIZATION_TIBETAN_EMPIRE_RALPACHEN', 'TXT_KEY_CITY_NAME_TIBETAN_EMPIRE_RALPACHEN_55'),
	('CIVILIZATION_TIBETAN_EMPIRE_RALPACHEN', 'TXT_KEY_CITY_NAME_TIBETAN_EMPIRE_RALPACHEN_56'),
	('CIVILIZATION_TIBETAN_EMPIRE_RALPACHEN', 'TXT_KEY_CITY_NAME_TIBETAN_EMPIRE_RALPACHEN_57'),
	('CIVILIZATION_TIBETAN_EMPIRE_RALPACHEN', 'TXT_KEY_CITY_NAME_TIBETAN_EMPIRE_RALPACHEN_58'),
	('CIVILIZATION_TIBETAN_EMPIRE_RALPACHEN', 'TXT_KEY_CITY_NAME_TIBETAN_EMPIRE_RALPACHEN_59'),
	('CIVILIZATION_TIBETAN_EMPIRE_RALPACHEN', 'TXT_KEY_CITY_NAME_TIBETAN_EMPIRE_RALPACHEN_60'),
	('CIVILIZATION_TIBETAN_EMPIRE_RALPACHEN', 'TXT_KEY_CITY_NAME_TIBETAN_EMPIRE_RALPACHEN_61'),
	('CIVILIZATION_TIBETAN_EMPIRE_RALPACHEN', 'TXT_KEY_CITY_NAME_TIBETAN_EMPIRE_RALPACHEN_62'),
	('CIVILIZATION_TIBETAN_EMPIRE_RALPACHEN', 'TXT_KEY_CITY_NAME_TIBETAN_EMPIRE_RALPACHEN_63'),
	('CIVILIZATION_TIBETAN_EMPIRE_RALPACHEN', 'TXT_KEY_CITY_NAME_TIBETAN_EMPIRE_RALPACHEN_64'),
	('CIVILIZATION_TIBETAN_EMPIRE_RALPACHEN', 'TXT_KEY_CITY_NAME_TIBETAN_EMPIRE_RALPACHEN_65');

-- Civilization_FreeBuildingClasses
INSERT INTO
	Civilization_FreeBuildingClasses (CivilizationType, BuildingClassType)
SELECT
	'CIVILIZATION_TIBETAN_EMPIRE_RALPACHEN',
	BuildingClassType
FROM
	Civilization_FreeBuildingClasses
WHERE
	CivilizationType = 'CIVILIZATION_MONGOL';

-- Civilization_FreeTechs
INSERT INTO
	Civilization_FreeTechs (CivilizationType, TechType)
SELECT
	'CIVILIZATION_TIBETAN_EMPIRE_RALPACHEN',
	TechType
FROM
	Civilization_FreeTechs
WHERE
	CivilizationType = 'CIVILIZATION_MONGOL';

-- Civilization_FreeUnits
INSERT INTO
	Civilization_FreeUnits (CivilizationType, UnitClassType, Count, UnitAIType)
SELECT
	'CIVILIZATION_TIBETAN_EMPIRE_RALPACHEN',
	UnitClassType,
	Count,
	UnitAIType
FROM
	Civilization_FreeUnits
WHERE
	CivilizationType = 'CIVILIZATION_MONGOL';

-- Civilization_Leaders
INSERT INTO
	Civilization_Leaders (CivilizationType, LeaderheadType)
VALUES
	('CIVILIZATION_TIBETAN_EMPIRE_RALPACHEN', 'LEADER_TIBETAN_EMPIRE_RALPACHEN');

-- Civilization_UnitClassOverrides
INSERT INTO
	Civilization_UnitClassOverrides (CivilizationType, UnitClassType, UnitType)
VALUES
	('CIVILIZATION_TIBETAN_EMPIRE_RALPACHEN', 'UNITCLASS_MERCHANT', 'UNIT_CHOLON'),
	('CIVILIZATION_TIBETAN_EMPIRE_RALPACHEN', 'UNITCLASS_LONGSWORDSMAN', 'UNIT_ZIMCHONGPA');

-- Civilization_Religions
INSERT INTO
	Civilization_Religions (CivilizationType, ReligionType)
VALUES
	('CIVILIZATION_TIBETAN_EMPIRE_RALPACHEN', 'RELIGION_BUDDHISM');

-- Civilization_SpyNames
INSERT INTO
	Civilization_SpyNames (CivilizationType, SpyName)
VALUES
	('CIVILIZATION_TIBETAN_EMPIRE_RALPACHEN', 'TXT_KEY_SPY_NAME_TIBETAN_EMPIRE_RALPACHEN_0'),
	('CIVILIZATION_TIBETAN_EMPIRE_RALPACHEN', 'TXT_KEY_SPY_NAME_TIBETAN_EMPIRE_RALPACHEN_1'),
	('CIVILIZATION_TIBETAN_EMPIRE_RALPACHEN', 'TXT_KEY_SPY_NAME_TIBETAN_EMPIRE_RALPACHEN_2'),
	('CIVILIZATION_TIBETAN_EMPIRE_RALPACHEN', 'TXT_KEY_SPY_NAME_TIBETAN_EMPIRE_RALPACHEN_3'),
	('CIVILIZATION_TIBETAN_EMPIRE_RALPACHEN', 'TXT_KEY_SPY_NAME_TIBETAN_EMPIRE_RALPACHEN_4'),
	('CIVILIZATION_TIBETAN_EMPIRE_RALPACHEN', 'TXT_KEY_SPY_NAME_TIBETAN_EMPIRE_RALPACHEN_5'),
	('CIVILIZATION_TIBETAN_EMPIRE_RALPACHEN', 'TXT_KEY_SPY_NAME_TIBETAN_EMPIRE_RALPACHEN_6'),
	('CIVILIZATION_TIBETAN_EMPIRE_RALPACHEN', 'TXT_KEY_SPY_NAME_TIBETAN_EMPIRE_RALPACHEN_7'),
	('CIVILIZATION_TIBETAN_EMPIRE_RALPACHEN', 'TXT_KEY_SPY_NAME_TIBETAN_EMPIRE_RALPACHEN_8'),
	('CIVILIZATION_TIBETAN_EMPIRE_RALPACHEN', 'TXT_KEY_SPY_NAME_TIBETAN_EMPIRE_RALPACHEN_9');

-- Civilization_Start_Region_Priority
INSERT INTO
	Civilization_Start_Region_Priority (CivilizationType, RegionType)
VALUES
	('CIVILIZATION_TIBETAN_EMPIRE_RALPACHEN', 'REGION_HILLS');