-- BUILDINGS
-- Dummy buildings for UA effects
INSERT INTO
	BuildingClasses (Type, DefaultBuilding, Description)
VALUES
	('BUILDINGCLASS_COURTHOUSE_PRESSURE', 'BUILDING_COURTHOUSE_PRESSURE', 'TXT_KEY_BUILDING_COURTHOUSE_PRESSURE'),
	('BUILDINGCLASS_COURTHOUSE_PRESSURE_GA', 'BUILDING_COURTHOUSE_PRESSURE_GA', 'TXT_KEY_BUILDING_COURTHOUSE_PRESSURE_GA'),
	('BUILDINGCLASS_TRANSLATION_PROJECT', 'BUILDING_TRANSLATION_PROJECT', 'TXT_KEY_BUILDING_TRANSLATION_PROJECT'),
	('BUILDINGCLASS_TRANSLATION_PROJECT_GA', 'BUILDING_TRANSLATION_PROJECT_GA', 'TXT_KEY_BUILDING_TRANSLATION_PROJECT_GA'),
	('BUILDINGCLASS_GREAT_DEBATE', 'BUILDING_GREAT_DEBATE', 'TXT_KEY_BUILDING_GREAT_DEBATE'),
	('BUILDINGCLASS_GREAT_DEBATE_GA', 'BUILDING_GREAT_DEBATE_GA', 'TXT_KEY_BUILDING_GREAT_DEBATE_GA'),
	('BUILDINGCLASS_HOLY_SITE_BONUS', 'BUILDING_HOLY_SITE_BONUS', 'TXT_KEY_BUILDING_HOLY_SITE_BONUS');

INSERT INTO
	Buildings (Type, BuildingClass, Cost, FaithCost, UnlockedByBelief, GoldMaintenance, GreatWorkCount, PrereqTech, Description, Help, Strategy, Civilopedia, ArtDefineTag, MinAreaSize, HurryCostModifier, IconAtlas, NeverCapture, PortraitIndex)
VALUES
	('BUILDING_COURTHOUSE_PRESSURE', 'BUILDINGCLASS_COURTHOUSE_PRESSURE', -1, -1, 0, 0, -1, NULL, 'TXT_KEY_BUILDING_COURTHOUSE_PRESSURE', 'TXT_KEY_BUILDING_COURTHOUSE_PRESSURE_HELP', NULL, NULL, NULL, -1, -1, 'TIBETAN_TRISONG_ICON_ATLAS', 1, 0),
	('BUILDING_COURTHOUSE_PRESSURE_GA', 'BUILDINGCLASS_COURTHOUSE_PRESSURE_GA', -1, -1, 0, 0, -1, NULL, 'TXT_KEY_BUILDING_COURTHOUSE_PRESSURE_GA', 'TXT_KEY_BUILDING_COURTHOUSE_PRESSURE_GA_HELP', NULL, NULL, NULL, -1, -1, 'TIBETAN_TRISONG_ICON_ATLAS', 1, 0),
	('BUILDING_TRANSLATION_PROJECT', 'BUILDINGCLASS_TRANSLATION_PROJECT', -1, -1, 0, 0, -1, NULL, 'TXT_KEY_BUILDING_TRANSLATION_PROJECT', 'TXT_KEY_BUILDING_TRANSLATION_PROJECT_HELP', NULL, NULL, NULL, -1, -1, 'TIBETAN_TRISONG_ICON_ATLAS', 1, 0),
	('BUILDING_TRANSLATION_PROJECT_GA', 'BUILDINGCLASS_TRANSLATION_PROJECT_GA', -1, -1, 0, 0, -1, NULL, 'TXT_KEY_BUILDING_TRANSLATION_PROJECT_GA', 'TXT_KEY_BUILDING_TRANSLATION_PROJECT_GA_HELP', NULL, NULL, NULL, -1, -1, 'TIBETAN_TRISONG_ICON_ATLAS', 1, 0),
	('BUILDING_GREAT_DEBATE', 'BUILDINGCLASS_GREAT_DEBATE', -1, -1, 0, 0, -1, NULL, 'TXT_KEY_BUILDING_GREAT_DEBATE', 'TXT_KEY_BUILDING_GREAT_DEBATE_HELP', NULL, NULL, NULL, -1, -1, 'TIBETAN_TRISONG_ICON_ATLAS', 1, 0),
	('BUILDING_GREAT_DEBATE_GA', 'BUILDINGCLASS_GREAT_DEBATE_GA', -1, -1, 0, 0, -1, NULL, 'TXT_KEY_BUILDING_GREAT_DEBATE_GA', 'TXT_KEY_BUILDING_GREAT_DEBATE_GA_HELP', NULL, NULL, NULL, -1, -1, 'TIBETAN_TRISONG_ICON_ATLAS', 1, 0),
	('BUILDING_HOLY_SITE_BONUS', 'BUILDINGCLASS_HOLY_SITE_BONUS', -1, -1, 0, 0, -1, NULL, 'TXT_KEY_BUILDING_HOLY_SITE_BONUS', 'TXT_KEY_BUILDING_HOLY_SITE_BONUS_HELP', NULL, NULL, NULL, -1, -1, 'TIBETAN_TRISONG_ICON_ATLAS', 1, 0);

-- Building Yields and Modifiers
INSERT INTO
	Building_YieldChanges (BuildingType, YieldType, Yield)
VALUES
	('BUILDING_TRANSLATION_PROJECT', 'YIELD_SCIENCE', 4),
	('BUILDING_TRANSLATION_PROJECT_GA', 'YIELD_PRODUCTION', 4);

INSERT INTO
	Building_SpecialistYieldChanges (BuildingType, SpecialistType, YieldType, Yield)
VALUES
	('BUILDING_TRANSLATION_PROJECT', 'SPECIALIST_SCIENTIST', 'YIELD_SCIENCE', 1),
	('BUILDING_TRANSLATION_PROJECT', 'SPECIALIST_ENGINEER', 'YIELD_SCIENCE', 1),
	('BUILDING_TRANSLATION_PROJECT', 'SPECIALIST_MERCHANT', 'YIELD_SCIENCE', 1),
	('BUILDING_TRANSLATION_PROJECT', 'SPECIALIST_ARTIST', 'YIELD_SCIENCE', 1),
	('BUILDING_TRANSLATION_PROJECT', 'SPECIALIST_WRITER', 'YIELD_SCIENCE', 1),
	('BUILDING_TRANSLATION_PROJECT', 'SPECIALIST_MUSICIAN', 'YIELD_SCIENCE', 1),
	('BUILDING_TRANSLATION_PROJECT_GA', 'SPECIALIST_SCIENTIST', 'YIELD_PRODUCTION', 1),
	('BUILDING_TRANSLATION_PROJECT_GA', 'SPECIALIST_ENGINEER', 'YIELD_PRODUCTION', 1),
	('BUILDING_TRANSLATION_PROJECT_GA', 'SPECIALIST_MERCHANT', 'YIELD_PRODUCTION', 1),
	('BUILDING_TRANSLATION_PROJECT_GA', 'SPECIALIST_ARTIST', 'YIELD_PRODUCTION', 1),
	('BUILDING_TRANSLATION_PROJECT_GA', 'SPECIALIST_WRITER', 'YIELD_PRODUCTION', 1),
	('BUILDING_TRANSLATION_PROJECT_GA', 'SPECIALIST_MUSICIAN', 'YIELD_PRODUCTION', 1);

INSERT INTO
	Building_ReligiousPressureModifiers (BuildingType, ReligiousPressureModifier)
VALUES
	('BUILDING_COURTHOUSE_PRESSURE', 25),
	('BUILDING_COURTHOUSE_PRESSURE_GA', 50),
	('BUILDING_GREAT_DEBATE', 25);

-- UNITS
-- Chakgo Tamak (Knight replacement)
INSERT INTO
	Units (Type, Class, PrereqTech, Combat, RangedCombat, Cost, FaithCost, RequiresFaithPurchaseEnabled, Moves, Range, CombatClass, Domain, Description, Help, Strategy, Civilopedia, MilitarySupport, MilitaryProduction, Pillage, Mechanized, ObsoleteTech, AdvancedStartCost, MinAreaSize, XPValueAttack, XPValueDefense, UnitArtInfo, UnitFlagAtlas, UnitFlagIconOffset, IconAtlas, PortraitIndex, MoveRate)
SELECT
	'UNIT_CHAKGO_TAMAK',
	Class,
	'TECH_THEOLOGY',
	Combat + 5,
	RangedCombat,
	Cost,
	FaithCost,
	RequiresFaithPurchaseEnabled,
	Moves,
	Range,
	CombatClass,
	Domain,
	'TXT_KEY_UNIT_CHAKGO_TAMAK',
	'TXT_KEY_UNIT_CHAKGO_TAMAK_HELP',
	'TXT_KEY_UNIT_CHAKGO_TAMAK_STRATEGY',
	'TXT_KEY_UNIT_CHAKGO_TAMAK_TEXT',
	MilitarySupport,
	MilitaryProduction,
	Pillage,
	Mechanized,
	ObsoleteTech,
	AdvancedStartCost,
	MinAreaSize,
	XPValueAttack,
	XPValueDefense,
	'ART_DEF_UNIT_KNIGHT',
	'TIBETAN_TRISONG_UNIT_FLAG_ATLAS',
	0,
	'TIBETAN_TRISONG_ICON_ATLAS',
	3,
	MoveRate
FROM
	Units
WHERE
	Type = 'UNIT_KNIGHT';

-- Jetsun (Great Prophet replacement)
INSERT INTO
	Units (Type, Class, PrereqTech, Combat, RangedCombat, Cost, FaithCost, RequiresFaithPurchaseEnabled, Moves, Range, CombatClass, Domain, Description, Help, Strategy, Civilopedia, MilitarySupport, MilitaryProduction, Pillage, Mechanized, ObsoleteTech, AdvancedStartCost, MinAreaSize, XPValueAttack, XPValueDefense, UnitArtInfo, UnitFlagAtlas, UnitFlagIconOffset, IconAtlas, PortraitIndex, MoveRate, BaseLandAirDefense)
SELECT
	'UNIT_JETSUN',
	'UNITCLASS_PROPHET',
	PrereqTech,
	Combat,
	RangedCombat,
	Cost,
	FaithCost,
	RequiresFaithPurchaseEnabled,
	Moves,
	Range,
	CombatClass,
	Domain,
	'TXT_KEY_UNIT_JETSUN',
	'TXT_KEY_UNIT_JETSUN_HELP',
	'TXT_KEY_UNIT_JETSUN_STRATEGY',
	'TXT_KEY_UNIT_JETSUN_TEXT',
	MilitarySupport,
	MilitaryProduction,
	Pillage,
	Mechanized,
	ObsoleteTech,
	AdvancedStartCost,
	MinAreaSize,
	XPValueAttack,
	XPValueDefense,
	'ART_DEF_UNIT_PROPHET',
	'TIBETAN_TRISONG_UNIT_FLAG_ATLAS',
	1,
	'TIBETAN_TRISONG_ICON_ATLAS',
	4,
	MoveRate,
	BaseLandAirDefense
FROM
	Units
WHERE
	Type = 'UNIT_PROPHET';

-- IMPROVEMENTS
-- Holy Site (functions as Citadel)
INSERT INTO
	Improvements (Type, Description, Help, Civilopedia, ArtDefineTag, RequiresFeature, RequiresImprovement, RequiredAdjacentImprovement, TerrainMakesValid, DestroyedWhenPillaged, Permanent, OutsideBorders, GraphicalOnly, NoTwoAdjacent, IconAtlas, PortraitIndex, CreatedByGreatPerson, DefenseModifier, AdjacentFriendlyHappiness, CultureBombRadius)
VALUES
	('IMPROVEMENT_HOLY_SITE', 'TXT_KEY_IMPROVEMENT_HOLY_SITE', 'TXT_KEY_IMPROVEMENT_HOLY_SITE_HELP', 'TXT_KEY_IMPROVEMENT_HOLY_SITE_TEXT', 'ART_DEF_IMPROVEMENT_CITADEL', 0, 0, 0, 0, 0, 1, 1, 0, 0, 'TIBETAN_TRISONG_ICON_ATLAS', 5, 1, 100, 0, 0);

INSERT INTO
	Improvement_Yields (ImprovementType, YieldType, Yield)
VALUES
	('IMPROVEMENT_HOLY_SITE', 'YIELD_FAITH', 2),
	('IMPROVEMENT_HOLY_SITE', 'YIELD_CULTURE', 1);

INSERT INTO
	Improvement_ValidTerrains (ImprovementType, TerrainType)
VALUES
	('IMPROVEMENT_HOLY_SITE', 'TERRAIN_GRASS'),
	('IMPROVEMENT_HOLY_SITE', 'TERRAIN_PLAINS'),
	('IMPROVEMENT_HOLY_SITE', 'TERRAIN_DESERT'),
	('IMPROVEMENT_HOLY_SITE', 'TERRAIN_TUNDRA'),
	('IMPROVEMENT_HOLY_SITE', 'TERRAIN_SNOW');

INSERT INTO
	UnitPromotions (Type, Description, Help, Sound, CannotBeChosen, LostWithUpgrade, PortraitIndex, IconAtlas, PediaType, PediaEntry)
VALUES
	('PROMOTION_CHAKGO_TERRAIN', 'TXT_KEY_PROMOTION_CHAKGO_TERRAIN', 'TXT_KEY_PROMOTION_CHAKGO_TERRAIN_HELP', 'AS2D_IF_LEVELUP', 1, 0, 59, 'ABILITY_ATLAS', 'PEDIA_ATTRIBUTES', 'TXT_KEY_PROMOTION_CHAKGO_TERRAIN'),
	('PROMOTION_HOLY_SITE_STRENGTH', 'TXT_KEY_PROMOTION_HOLY_SITE_STRENGTH', 'TXT_KEY_PROMOTION_HOLY_SITE_STRENGTH_HELP', 'AS2D_IF_LEVELUP', 1, 0, 59, 'ABILITY_ATLAS', 'PEDIA_ATTRIBUTES', 'TXT_KEY_PROMOTION_HOLY_SITE_STRENGTH');

INSERT INTO
	UnitPromotions_Terrains (PromotionType, TerrainType, Attack, Defense)
VALUES
	('PROMOTION_CHAKGO_TERRAIN', 'TERRAIN_HILL', 25, 25);

UPDATE UnitPromotions
SET
	CityAttackPercent = 50,
	AdjacentMod = 15
WHERE
	Type = 'PROMOTION_CHAKGO_TERRAIN';

UPDATE UnitPromotions
SET
	Combat = 2
WHERE
	Type = 'PROMOTION_HOLY_SITE_STRENGTH';

INSERT INTO
	Unit_FreePromotions (UnitType, PromotionType)
VALUES
	('UNIT_CHAKGO_TAMAK', 'PROMOTION_CHAKGO_TERRAIN');

-- LEADERS
INSERT INTO
	Leaders (Type, Description, Civilopedia, CivilopediaTag, ArtDefineTag, IconAtlas, PortraitIndex)
VALUES
	('LEADER_TIBETAN_EMPIRE_TRISONG_DETSEN', 'TXT_KEY_LEADER_TIBETAN_EMPIRE_TRISONG_DETSEN', 'TXT_KEY_LEADER_TIBETAN_EMPIRE_TRISONG_DETSEN_PEDIA', 'TXT_KEY_CIVILOPEDIA_LEADERS_TRISONG_DETSEN', 'Trisong_Detsen_Scene.xml', 'TIBETAN_TRISONG_ICON_ATLAS', 0);

UPDATE Leaders
SET
	VictoryCompetitiveness = 7,
	WonderCompetitiveness = 5,
	MinorCivCompetitiveness = 4,
	Boldness = 6,
	DiploBalance = 6,
	WarmongerHate = 4,
	DenounceWillingness = 5,
	DoFWillingness = 5,
	Loyalty = 6,
	Neediness = 4,
	Forgiveness = 6,
	Chattiness = 5,
	Meanness = 5
WHERE
	Type = 'LEADER_TIBETAN_EMPIRE_TRISONG_DETSEN';

-- Leader_MajorCivApproachBiases
INSERT INTO
	Leader_MajorCivApproachBiases (LeaderType, MajorCivApproachType, Bias)
VALUES
	('LEADER_TIBETAN_EMPIRE_TRISONG_DETSEN', 'MAJOR_CIV_APPROACH_WAR', 8),
	('LEADER_TIBETAN_EMPIRE_TRISONG_DETSEN', 'MAJOR_CIV_APPROACH_HOSTILE', 5),
	('LEADER_TIBETAN_EMPIRE_TRISONG_DETSEN', 'MAJOR_CIV_APPROACH_DECEPTIVE', 3),
	('LEADER_TIBETAN_EMPIRE_TRISONG_DETSEN', 'MAJOR_CIV_APPROACH_GUARDED', 5),
	('LEADER_TIBETAN_EMPIRE_TRISONG_DETSEN', 'MAJOR_CIV_APPROACH_AFRAID', 2),
	('LEADER_TIBETAN_EMPIRE_TRISONG_DETSEN', 'MAJOR_CIV_APPROACH_FRIENDLY', 5),
	('LEADER_TIBETAN_EMPIRE_TRISONG_DETSEN', 'MAJOR_CIV_APPROACH_NEUTRAL', 6);

-- Leader_MinorCivApproachBiases
INSERT INTO
	Leader_MinorCivApproachBiases (LeaderType, MinorCivApproachType, Bias)
VALUES
	('LEADER_TIBETAN_EMPIRE_TRISONG_DETSEN', 'MINOR_CIV_APPROACH_IGNORE', 6),
	('LEADER_TIBETAN_EMPIRE_TRISONG_DETSEN', 'MINOR_CIV_APPROACH_FRIENDLY', 4),
	('LEADER_TIBETAN_EMPIRE_TRISONG_DETSEN', 'MINOR_CIV_APPROACH_PROTECTIVE', 5),
	('LEADER_TIBETAN_EMPIRE_TRISONG_DETSEN', 'MINOR_CIV_APPROACH_CONQUEST', 7),
	('LEADER_TIBETAN_EMPIRE_TRISONG_DETSEN', 'MINOR_CIV_APPROACH_BULLY', 5);

-- Leader_Flavors
INSERT INTO
	Leader_Flavors (LeaderType, FlavorType, Flavor)
VALUES
	('LEADER_TIBETAN_EMPIRE_TRISONG_DETSEN', 'FLAVOR_OFFENSE', 8),
	('LEADER_TIBETAN_EMPIRE_TRISONG_DETSEN', 'FLAVOR_DEFENSE', 5),
	('LEADER_TIBETAN_EMPIRE_TRISONG_DETSEN', 'FLAVOR_CITY_DEFENSE', 7),
	('LEADER_TIBETAN_EMPIRE_TRISONG_DETSEN', 'FLAVOR_MILITARY_TRAINING', 8),
	('LEADER_TIBETAN_EMPIRE_TRISONG_DETSEN', 'FLAVOR_RECON', 4),
	('LEADER_TIBETAN_EMPIRE_TRISONG_DETSEN', 'FLAVOR_RANGED', 6),
	('LEADER_TIBETAN_EMPIRE_TRISONG_DETSEN', 'FLAVOR_MOBILE', 7),
	('LEADER_TIBETAN_EMPIRE_TRISONG_DETSEN', 'FLAVOR_NAVAL', 3),
	('LEADER_TIBETAN_EMPIRE_TRISONG_DETSEN', 'FLAVOR_NAVAL_RECON', 2),
	('LEADER_TIBETAN_EMPIRE_TRISONG_DETSEN', 'FLAVOR_NAVAL_GROWTH', 2),
	('LEADER_TIBETAN_EMPIRE_TRISONG_DETSEN', 'FLAVOR_NAVAL_TILE_IMPROVEMENT', 2),
	('LEADER_TIBETAN_EMPIRE_TRISONG_DETSEN', 'FLAVOR_AIR', 5),
	('LEADER_TIBETAN_EMPIRE_TRISONG_DETSEN', 'FLAVOR_EXPANSION', 7),
	('LEADER_TIBETAN_EMPIRE_TRISONG_DETSEN', 'FLAVOR_GROWTH', 6),
	('LEADER_TIBETAN_EMPIRE_TRISONG_DETSEN', 'FLAVOR_TILE_IMPROVEMENT', 5),
	('LEADER_TIBETAN_EMPIRE_TRISONG_DETSEN', 'FLAVOR_INFRASTRUCTURE', 6),
	('LEADER_TIBETAN_EMPIRE_TRISONG_DETSEN', 'FLAVOR_PRODUCTION', 7),
	('LEADER_TIBETAN_EMPIRE_TRISONG_DETSEN', 'FLAVOR_GOLD', 4),
	('LEADER_TIBETAN_EMPIRE_TRISONG_DETSEN', 'FLAVOR_SCIENCE', 7),
	('LEADER_TIBETAN_EMPIRE_TRISONG_DETSEN', 'FLAVOR_CULTURE', 6),
	('LEADER_TIBETAN_EMPIRE_TRISONG_DETSEN', 'FLAVOR_HAPPINESS', 6),
	('LEADER_TIBETAN_EMPIRE_TRISONG_DETSEN', 'FLAVOR_GREAT_PEOPLE', 8),
	('LEADER_TIBETAN_EMPIRE_TRISONG_DETSEN', 'FLAVOR_WONDER', 7),
	('LEADER_TIBETAN_EMPIRE_TRISONG_DETSEN', 'FLAVOR_RELIGION', 10),
	('LEADER_TIBETAN_EMPIRE_TRISONG_DETSEN', 'FLAVOR_DIPLOMACY', 6),
	('LEADER_TIBETAN_EMPIRE_TRISONG_DETSEN', 'FLAVOR_SPACESHIP', 4),
	('LEADER_TIBETAN_EMPIRE_TRISONG_DETSEN', 'FLAVOR_WATER_CONNECTION', 3),
	('LEADER_TIBETAN_EMPIRE_TRISONG_DETSEN', 'FLAVOR_NUKE', 6),
	('LEADER_TIBETAN_EMPIRE_TRISONG_DETSEN', 'FLAVOR_USE_NUKE', 6),
	('LEADER_TIBETAN_EMPIRE_TRISONG_DETSEN', 'FLAVOR_ESPIONAGE', 4),
	('LEADER_TIBETAN_EMPIRE_TRISONG_DETSEN', 'FLAVOR_AIRLIFT', 3),
	('LEADER_TIBETAN_EMPIRE_TRISONG_DETSEN', 'FLAVOR_I_TRADE_DESTINATION', 6),
	('LEADER_TIBETAN_EMPIRE_TRISONG_DETSEN', 'FLAVOR_I_TRADE_ORIGIN', 6),
	('LEADER_TIBETAN_EMPIRE_TRISONG_DETSEN', 'FLAVOR_I_SEA_TRADE_ROUTE', 3),
	('LEADER_TIBETAN_EMPIRE_TRISONG_DETSEN', 'FLAVOR_I_LAND_TRADE_ROUTE', 7),
	('LEADER_TIBETAN_EMPIRE_TRISONG_DETSEN', 'FLAVOR_ARCHAEOLOGY', 6),
	('LEADER_TIBETAN_EMPIRE_TRISONG_DETSEN', 'FLAVOR_AIR_CARRIER', 4);

-- Diplomacy_Responses
INSERT INTO
	Diplomacy_Responses (LeaderType, ResponseType, Response, Bias)
VALUES
	('LEADER_TIBETAN_EMPIRE_TRISONG_DETSEN', 'RESPONSE_AI_DOF_BACKSTAB', 'TXT_KEY_LEADER_TIBETAN_EMPIRE_TRISONG_DETSEN_DENOUNCE_FRIEND%', 500),
	('LEADER_TIBETAN_EMPIRE_TRISONG_DETSEN', 'RESPONSE_ATTACKED_HOSTILE', 'TXT_KEY_LEADER_TIBETAN_EMPIRE_TRISONG_DETSEN_ATTACKED_HOSTILE%', 500),
	('LEADER_TIBETAN_EMPIRE_TRISONG_DETSEN', 'RESPONSE_ATTACKED_STRONG_HOSTILE', 'TXT_KEY_LEADER_TIBETAN_EMPIRE_TRISONG_DETSEN_ATTACKED_HOSTILE%', 500),
	('LEADER_TIBETAN_EMPIRE_TRISONG_DETSEN', 'RESPONSE_DEFEATED', 'TXT_KEY_LEADER_TIBETAN_EMPIRE_TRISONG_DETSEN_DEFEATED%', 500),
	('LEADER_TIBETAN_EMPIRE_TRISONG_DETSEN', 'RESPONSE_DOW_GENERIC', 'TXT_KEY_LEADER_TIBETAN_EMPIRE_TRISONG_DETSEN_DOW_GENERIC%', 500),
	('LEADER_TIBETAN_EMPIRE_TRISONG_DETSEN', 'RESPONSE_EXPANSION_SERIOUS_WARNING', 'TXT_KEY_LEADER_TIBETAN_EMPIRE_TRISONG_DETSEN_EXPANSION_SERIOUS_WARNING%', 500),
	('LEADER_TIBETAN_EMPIRE_TRISONG_DETSEN', 'RESPONSE_FIRST_GREETING', 'TXT_KEY_LEADER_TIBETAN_EMPIRE_TRISONG_DETSEN_FIRSTGREETING%', 500),
	('LEADER_TIBETAN_EMPIRE_TRISONG_DETSEN', 'RESPONSE_GREETING_HOSTILE_HELLO', 'TXT_KEY_LEADER_TIBETAN_EMPIRE_TRISONG_DETSEN_GREETING_HOSTILE_HELLO%', 500),
	('LEADER_TIBETAN_EMPIRE_TRISONG_DETSEN', 'RESPONSE_GREETING_NEUTRAL_HELLO', 'TXT_KEY_LEADER_TIBETAN_EMPIRE_TRISONG_DETSEN_GREETING_NEUTRAL_HELLO%', 500),
	('LEADER_TIBETAN_EMPIRE_TRISONG_DETSEN', 'RESPONSE_GREETING_POLITE_HELLO', 'TXT_KEY_LEADER_TIBETAN_EMPIRE_TRISONG_DETSEN_GREETING_POLITE_HELLO%', 500),
	('LEADER_TIBETAN_EMPIRE_TRISONG_DETSEN', 'RESPONSE_HOSTILE_AGGRESSIVE_MILITARY_WARNING', 'TXT_KEY_LEADER_TIBETAN_EMPIRE_TRISONG_DETSEN_HOSTILE_AGGRESSIVE_MILITARY_WARNING%', 500),
	('LEADER_TIBETAN_EMPIRE_TRISONG_DETSEN', 'RESPONSE_LUXURY_TRADE', 'TXT_KEY_LEADER_TIBETAN_EMPIRE_TRISONG_DETSEN_LUXURY_TRADE%', 500),
	('LEADER_TIBETAN_EMPIRE_TRISONG_DETSEN', 'RESPONSE_OPEN_BORDERS_EXCHANGE', 'TXT_KEY_LEADER_TIBETAN_EMPIRE_TRISONG_DETSEN_OPEN_BORDERS_EXCHANGE%', 500),
	('LEADER_TIBETAN_EMPIRE_TRISONG_DETSEN', 'RESPONSE_PLOT_BUYING_SERIOUS_WARNING', 'TXT_KEY_LEADER_TIBETAN_EMPIRE_TRISONG_DETSEN_PLOT_BUYING_SERIOUS_WARNING%', 500),
	('LEADER_TIBETAN_EMPIRE_TRISONG_DETSEN', 'RESPONSE_REQUEST', 'TXT_KEY_LEADER_TIBETAN_EMPIRE_TRISONG_DETSEN_REQUEST%', 500),
	('LEADER_TIBETAN_EMPIRE_TRISONG_DETSEN', 'RESPONSE_RESPONSE_TO_BEING_DENOUNCED', 'TXT_KEY_LEADER_TIBETAN_EMPIRE_TRISONG_DETSEN_RESPONSE_TO_BEING_DENOUNCED%', 500),
	('LEADER_TIBETAN_EMPIRE_TRISONG_DETSEN', 'RESPONSE_TOO_SOON_FOR_DOF', 'TXT_KEY_LEADER_TIBETAN_EMPIRE_TRISONG_DETSEN_TOO_SOON_FOR_DOF%', 500),
	('LEADER_TIBETAN_EMPIRE_TRISONG_DETSEN', 'RESPONSE_TOO_SOON_NO_PEACE', 'TXT_KEY_LEADER_TIBETAN_EMPIRE_TRISONG_DETSEN_TOO_SOON_NO_PEACE%', 500),
	('LEADER_TIBETAN_EMPIRE_TRISONG_DETSEN', 'RESPONSE_WORK_AGAINST_SOMEONE', 'TXT_KEY_LEADER_TIBETAN_EMPIRE_TRISONG_DETSEN_DENOUNCE%', 500),
	('LEADER_TIBETAN_EMPIRE_TRISONG_DETSEN', 'RESPONSE_WORK_WITH_US', 'TXT_KEY_LEADER_TIBETAN_EMPIRE_TRISONG_DETSEN_DEC_FRIENDSHIP%', 500);

-- Leader_Traits
INSERT INTO
	Leader_Traits (LeaderType, TraitType)
VALUES
	('LEADER_TIBETAN_EMPIRE_TRISONG_DETSEN', 'TRAIT_PERFECT_FULFILLMENT');

-- Traits
INSERT INTO
	Traits (Type, Description, ShortDescription)
VALUES
	('TRAIT_PERFECT_FULFILLMENT', 'TXT_KEY_TRAIT_PERFECT_FULFILLMENT', 'TXT_KEY_TRAIT_PERFECT_FULFILLMENT_SHORT');

-- CIVILIZATIONS
INSERT INTO
	Civilizations (Type, DerivativeCiv, SoundtrackTag, MapImage, DawnOfManQuote, DawnOfManImage, Description, ShortDescription, Adjective, Civilopedia, CivilopediaTag, DefaultPlayerColor, ArtDefineTag, ArtStyleType, ArtStyleSuffix, ArtStylePrefix, IconAtlas, PortraitIndex, AlphaIconAtlas)
SELECT
	'CIVILIZATION_TIBETAN_EMPIRE_TRISONG_DETSEN',
	'CIVILIZATION_MONGOL',
	'Mongol',
	'Map_Tibetan_Empire_Trisong_Detsen.dds',
	'TXT_KEY_CIV_DAWN_TIBETAN_EMPIRE_TRISONG_DETSEN_TEXT',
	'DOM_Tibetan_Empire_Trisong_Detsen.dds',
	'TXT_KEY_CIVILIZATION_TIBETAN_EMPIRE_TRISONG_DETSEN_DESC',
	'TXT_KEY_CIVILIZATION_TIBETAN_EMPIRE_TRISONG_DETSEN_SHORT_DESC',
	'TXT_KEY_CIVILIZATION_TIBETAN_EMPIRE_TRISONG_DETSEN_ADJECTIVE',
	Civilopedia,
	CivilopediaTag,
	'PLAYERCOLOR_TIBETAN_EMPIRE_TRISONG_DETSEN',
	ArtDefineTag,
	ArtStyleType,
	ArtStyleSuffix,
	ArtStylePrefix,
	'TIBETAN_TRISONG_ICON_ATLAS',
	0,
	'TIBETAN_TRISONG_ALPHA_ATLAS'
FROM
	Civilizations
WHERE
	Type = 'CIVILIZATION_MONGOL';

-- Civilization_CityNames
INSERT INTO
	Civilization_CityNames (CivilizationType, CityName)
VALUES
	('CIVILIZATION_TIBETAN_EMPIRE_TRISONG_DETSEN', 'TXT_KEY_CITY_NAME_TIBETAN_EMPIRE_TRISONG_DETSEN_01'),
	('CIVILIZATION_TIBETAN_EMPIRE_TRISONG_DETSEN', 'TXT_KEY_CITY_NAME_TIBETAN_EMPIRE_TRISONG_DETSEN_02'),
	('CIVILIZATION_TIBETAN_EMPIRE_TRISONG_DETSEN', 'TXT_KEY_CITY_NAME_TIBETAN_EMPIRE_TRISONG_DETSEN_03'),
	('CIVILIZATION_TIBETAN_EMPIRE_TRISONG_DETSEN', 'TXT_KEY_CITY_NAME_TIBETAN_EMPIRE_TRISONG_DETSEN_04'),
	('CIVILIZATION_TIBETAN_EMPIRE_TRISONG_DETSEN', 'TXT_KEY_CITY_NAME_TIBETAN_EMPIRE_TRISONG_DETSEN_05'),
	('CIVILIZATION_TIBETAN_EMPIRE_TRISONG_DETSEN', 'TXT_KEY_CITY_NAME_TIBETAN_EMPIRE_TRISONG_DETSEN_06'),
	('CIVILIZATION_TIBETAN_EMPIRE_TRISONG_DETSEN', 'TXT_KEY_CITY_NAME_TIBETAN_EMPIRE_TRISONG_DETSEN_07'),
	('CIVILIZATION_TIBETAN_EMPIRE_TRISONG_DETSEN', 'TXT_KEY_CITY_NAME_TIBETAN_EMPIRE_TRISONG_DETSEN_08'),
	('CIVILIZATION_TIBETAN_EMPIRE_TRISONG_DETSEN', 'TXT_KEY_CITY_NAME_TIBETAN_EMPIRE_TRISONG_DETSEN_09'),
	('CIVILIZATION_TIBETAN_EMPIRE_TRISONG_DETSEN', 'TXT_KEY_CITY_NAME_TIBETAN_EMPIRE_TRISONG_DETSEN_10'),
	('CIVILIZATION_TIBETAN_EMPIRE_TRISONG_DETSEN', 'TXT_KEY_CITY_NAME_TIBETAN_EMPIRE_TRISONG_DETSEN_11'),
	('CIVILIZATION_TIBETAN_EMPIRE_TRISONG_DETSEN', 'TXT_KEY_CITY_NAME_TIBETAN_EMPIRE_TRISONG_DETSEN_12'),
	('CIVILIZATION_TIBETAN_EMPIRE_TRISONG_DETSEN', 'TXT_KEY_CITY_NAME_TIBETAN_EMPIRE_TRISONG_DETSEN_13'),
	('CIVILIZATION_TIBETAN_EMPIRE_TRISONG_DETSEN', 'TXT_KEY_CITY_NAME_TIBETAN_EMPIRE_TRISONG_DETSEN_14'),
	('CIVILIZATION_TIBETAN_EMPIRE_TRISONG_DETSEN', 'TXT_KEY_CITY_NAME_TIBETAN_EMPIRE_TRISONG_DETSEN_15'),
	('CIVILIZATION_TIBETAN_EMPIRE_TRISONG_DETSEN', 'TXT_KEY_CITY_NAME_TIBETAN_EMPIRE_TRISONG_DETSEN_16'),
	('CIVILIZATION_TIBETAN_EMPIRE_TRISONG_DETSEN', 'TXT_KEY_CITY_NAME_TIBETAN_EMPIRE_TRISONG_DETSEN_17'),
	('CIVILIZATION_TIBETAN_EMPIRE_TRISONG_DETSEN', 'TXT_KEY_CITY_NAME_TIBETAN_EMPIRE_TRISONG_DETSEN_18'),
	('CIVILIZATION_TIBETAN_EMPIRE_TRISONG_DETSEN', 'TXT_KEY_CITY_NAME_TIBETAN_EMPIRE_TRISONG_DETSEN_19'),
	('CIVILIZATION_TIBETAN_EMPIRE_TRISONG_DETSEN', 'TXT_KEY_CITY_NAME_TIBETAN_EMPIRE_TRISONG_DETSEN_20'),
	('CIVILIZATION_TIBETAN_EMPIRE_TRISONG_DETSEN', 'TXT_KEY_CITY_NAME_TIBETAN_EMPIRE_TRISONG_DETSEN_21'),
	('CIVILIZATION_TIBETAN_EMPIRE_TRISONG_DETSEN', 'TXT_KEY_CITY_NAME_TIBETAN_EMPIRE_TRISONG_DETSEN_22'),
	('CIVILIZATION_TIBETAN_EMPIRE_TRISONG_DETSEN', 'TXT_KEY_CITY_NAME_TIBETAN_EMPIRE_TRISONG_DETSEN_23'),
	('CIVILIZATION_TIBETAN_EMPIRE_TRISONG_DETSEN', 'TXT_KEY_CITY_NAME_TIBETAN_EMPIRE_TRISONG_DETSEN_24'),
	('CIVILIZATION_TIBETAN_EMPIRE_TRISONG_DETSEN', 'TXT_KEY_CITY_NAME_TIBETAN_EMPIRE_TRISONG_DETSEN_25'),
	('CIVILIZATION_TIBETAN_EMPIRE_TRISONG_DETSEN', 'TXT_KEY_CITY_NAME_TIBETAN_EMPIRE_TRISONG_DETSEN_26'),
	('CIVILIZATION_TIBETAN_EMPIRE_TRISONG_DETSEN', 'TXT_KEY_CITY_NAME_TIBETAN_EMPIRE_TRISONG_DETSEN_27'),
	('CIVILIZATION_TIBETAN_EMPIRE_TRISONG_DETSEN', 'TXT_KEY_CITY_NAME_TIBETAN_EMPIRE_TRISONG_DETSEN_28'),
	('CIVILIZATION_TIBETAN_EMPIRE_TRISONG_DETSEN', 'TXT_KEY_CITY_NAME_TIBETAN_EMPIRE_TRISONG_DETSEN_29'),
	('CIVILIZATION_TIBETAN_EMPIRE_TRISONG_DETSEN', 'TXT_KEY_CITY_NAME_TIBETAN_EMPIRE_TRISONG_DETSEN_30'),
	('CIVILIZATION_TIBETAN_EMPIRE_TRISONG_DETSEN', 'TXT_KEY_CITY_NAME_TIBETAN_EMPIRE_TRISONG_DETSEN_31'),
	('CIVILIZATION_TIBETAN_EMPIRE_TRISONG_DETSEN', 'TXT_KEY_CITY_NAME_TIBETAN_EMPIRE_TRISONG_DETSEN_32'),
	('CIVILIZATION_TIBETAN_EMPIRE_TRISONG_DETSEN', 'TXT_KEY_CITY_NAME_TIBETAN_EMPIRE_TRISONG_DETSEN_33'),
	('CIVILIZATION_TIBETAN_EMPIRE_TRISONG_DETSEN', 'TXT_KEY_CITY_NAME_TIBETAN_EMPIRE_TRISONG_DETSEN_34'),
	('CIVILIZATION_TIBETAN_EMPIRE_TRISONG_DETSEN', 'TXT_KEY_CITY_NAME_TIBETAN_EMPIRE_TRISONG_DETSEN_35'),
	('CIVILIZATION_TIBETAN_EMPIRE_TRISONG_DETSEN', 'TXT_KEY_CITY_NAME_TIBETAN_EMPIRE_TRISONG_DETSEN_36'),
	('CIVILIZATION_TIBETAN_EMPIRE_TRISONG_DETSEN', 'TXT_KEY_CITY_NAME_TIBETAN_EMPIRE_TRISONG_DETSEN_37'),
	('CIVILIZATION_TIBETAN_EMPIRE_TRISONG_DETSEN', 'TXT_KEY_CITY_NAME_TIBETAN_EMPIRE_TRISONG_DETSEN_38'),
	('CIVILIZATION_TIBETAN_EMPIRE_TRISONG_DETSEN', 'TXT_KEY_CITY_NAME_TIBETAN_EMPIRE_TRISONG_DETSEN_39'),
	('CIVILIZATION_TIBETAN_EMPIRE_TRISONG_DETSEN', 'TXT_KEY_CITY_NAME_TIBETAN_EMPIRE_TRISONG_DETSEN_40'),
	('CIVILIZATION_TIBETAN_EMPIRE_TRISONG_DETSEN', 'TXT_KEY_CITY_NAME_TIBETAN_EMPIRE_TRISONG_DETSEN_41'),
	('CIVILIZATION_TIBETAN_EMPIRE_TRISONG_DETSEN', 'TXT_KEY_CITY_NAME_TIBETAN_EMPIRE_TRISONG_DETSEN_42'),
	('CIVILIZATION_TIBETAN_EMPIRE_TRISONG_DETSEN', 'TXT_KEY_CITY_NAME_TIBETAN_EMPIRE_TRISONG_DETSEN_43'),
	('CIVILIZATION_TIBETAN_EMPIRE_TRISONG_DETSEN', 'TXT_KEY_CITY_NAME_TIBETAN_EMPIRE_TRISONG_DETSEN_44'),
	('CIVILIZATION_TIBETAN_EMPIRE_TRISONG_DETSEN', 'TXT_KEY_CITY_NAME_TIBETAN_EMPIRE_TRISONG_DETSEN_45'),
	('CIVILIZATION_TIBETAN_EMPIRE_TRISONG_DETSEN', 'TXT_KEY_CITY_NAME_TIBETAN_EMPIRE_TRISONG_DETSEN_46'),
	('CIVILIZATION_TIBETAN_EMPIRE_TRISONG_DETSEN', 'TXT_KEY_CITY_NAME_TIBETAN_EMPIRE_TRISONG_DETSEN_47'),
	('CIVILIZATION_TIBETAN_EMPIRE_TRISONG_DETSEN', 'TXT_KEY_CITY_NAME_TIBETAN_EMPIRE_TRISONG_DETSEN_48'),
	('CIVILIZATION_TIBETAN_EMPIRE_TRISONG_DETSEN', 'TXT_KEY_CITY_NAME_TIBETAN_EMPIRE_TRISONG_DETSEN_49'),
	('CIVILIZATION_TIBETAN_EMPIRE_TRISONG_DETSEN', 'TXT_KEY_CITY_NAME_TIBETAN_EMPIRE_TRISONG_DETSEN_50'),
	('CIVILIZATION_TIBETAN_EMPIRE_TRISONG_DETSEN', 'TXT_KEY_CITY_NAME_TIBETAN_EMPIRE_TRISONG_DETSEN_51'),
	('CIVILIZATION_TIBETAN_EMPIRE_TRISONG_DETSEN', 'TXT_KEY_CITY_NAME_TIBETAN_EMPIRE_TRISONG_DETSEN_52'),
	('CIVILIZATION_TIBETAN_EMPIRE_TRISONG_DETSEN', 'TXT_KEY_CITY_NAME_TIBETAN_EMPIRE_TRISONG_DETSEN_53'),
	('CIVILIZATION_TIBETAN_EMPIRE_TRISONG_DETSEN', 'TXT_KEY_CITY_NAME_TIBETAN_EMPIRE_TRISONG_DETSEN_54'),
	('CIVILIZATION_TIBETAN_EMPIRE_TRISONG_DETSEN', 'TXT_KEY_CITY_NAME_TIBETAN_EMPIRE_TRISONG_DETSEN_55'),
	('CIVILIZATION_TIBETAN_EMPIRE_TRISONG_DETSEN', 'TXT_KEY_CITY_NAME_TIBETAN_EMPIRE_TRISONG_DETSEN_56'),
	('CIVILIZATION_TIBETAN_EMPIRE_TRISONG_DETSEN', 'TXT_KEY_CITY_NAME_TIBETAN_EMPIRE_TRISONG_DETSEN_57'),
	('CIVILIZATION_TIBETAN_EMPIRE_TRISONG_DETSEN', 'TXT_KEY_CITY_NAME_TIBETAN_EMPIRE_TRISONG_DETSEN_58'),
	('CIVILIZATION_TIBETAN_EMPIRE_TRISONG_DETSEN', 'TXT_KEY_CITY_NAME_TIBETAN_EMPIRE_TRISONG_DETSEN_59'),
	('CIVILIZATION_TIBETAN_EMPIRE_TRISONG_DETSEN', 'TXT_KEY_CITY_NAME_TIBETAN_EMPIRE_TRISONG_DETSEN_60'),
	('CIVILIZATION_TIBETAN_EMPIRE_TRISONG_DETSEN', 'TXT_KEY_CITY_NAME_TIBETAN_EMPIRE_TRISONG_DETSEN_61'),
	('CIVILIZATION_TIBETAN_EMPIRE_TRISONG_DETSEN', 'TXT_KEY_CITY_NAME_TIBETAN_EMPIRE_TRISONG_DETSEN_62'),
	('CIVILIZATION_TIBETAN_EMPIRE_TRISONG_DETSEN', 'TXT_KEY_CITY_NAME_TIBETAN_EMPIRE_TRISONG_DETSEN_63'),
	('CIVILIZATION_TIBETAN_EMPIRE_TRISONG_DETSEN', 'TXT_KEY_CITY_NAME_TIBETAN_EMPIRE_TRISONG_DETSEN_64'),
	('CIVILIZATION_TIBETAN_EMPIRE_TRISONG_DETSEN', 'TXT_KEY_CITY_NAME_TIBETAN_EMPIRE_TRISONG_DETSEN_65');

-- Civilization_FreeBuildingClasses
INSERT INTO
	Civilization_FreeBuildingClasses (CivilizationType, BuildingClassType)
SELECT
	'CIVILIZATION_TIBETAN_EMPIRE_TRISONG_DETSEN',
	BuildingClassType
FROM
	Civilization_FreeBuildingClasses
WHERE
	CivilizationType = 'CIVILIZATION_MONGOL';

-- Civilization_FreeTechs
INSERT INTO
	Civilization_FreeTechs (CivilizationType, TechType)
SELECT
	'CIVILIZATION_TIBETAN_EMPIRE_TRISONG_DETSEN',
	TechType
FROM
	Civilization_FreeTechs
WHERE
	CivilizationType = 'CIVILIZATION_MONGOL';

-- Civilization_FreeUnits
INSERT INTO
	Civilization_FreeUnits (CivilizationType, UnitClassType, Count, UnitAIType)
SELECT
	'CIVILIZATION_TIBETAN_EMPIRE_TRISONG_DETSEN',
	UnitClassType,
	Count,
	UnitAIType
FROM
	Civilization_FreeUnits
WHERE
	CivilizationType = 'CIVILIZATION_MONGOL';

-- Civilization_Leaders
INSERT INTO
	Civilization_Leaders (CivilizationType, LeaderheadType)
VALUES
	('CIVILIZATION_TIBETAN_EMPIRE_TRISONG_DETSEN', 'LEADER_TIBETAN_EMPIRE_TRISONG_DETSEN');

-- Civilization_UnitClassOverrides
INSERT INTO
	Civilization_UnitClassOverrides (CivilizationType, UnitClassType, UnitType)
VALUES
	('CIVILIZATION_TIBETAN_EMPIRE_TRISONG_DETSEN', 'UNITCLASS_KNIGHT', 'UNIT_CHAKGO_TAMAK'),
	('CIVILIZATION_TIBETAN_EMPIRE_TRISONG_DETSEN', 'UNITCLASS_PROPHET', 'UNIT_JETSUN');

-- Civilization_Religions
INSERT INTO
	Civilization_Religions (CivilizationType, ReligionType)
VALUES
	('CIVILIZATION_TIBETAN_EMPIRE_TRISONG_DETSEN', 'RELIGION_BUDDHISM');

-- Civilization_SpyNames
INSERT INTO
	Civilization_SpyNames (CivilizationType, SpyName)
VALUES
	('CIVILIZATION_TIBETAN_EMPIRE_TRISONG_DETSEN', 'TXT_KEY_SPY_NAME_TIBETAN_EMPIRE_TRISONG_DETSEN_0'),
	('CIVILIZATION_TIBETAN_EMPIRE_TRISONG_DETSEN', 'TXT_KEY_SPY_NAME_TIBETAN_EMPIRE_TRISONG_DETSEN_1'),
	('CIVILIZATION_TIBETAN_EMPIRE_TRISONG_DETSEN', 'TXT_KEY_SPY_NAME_TIBETAN_EMPIRE_TRISONG_DETSEN_2'),
	('CIVILIZATION_TIBETAN_EMPIRE_TRISONG_DETSEN', 'TXT_KEY_SPY_NAME_TIBETAN_EMPIRE_TRISONG_DETSEN_3'),
	('CIVILIZATION_TIBETAN_EMPIRE_TRISONG_DETSEN', 'TXT_KEY_SPY_NAME_TIBETAN_EMPIRE_TRISONG_DETSEN_4'),
	('CIVILIZATION_TIBETAN_EMPIRE_TRISONG_DETSEN', 'TXT_KEY_SPY_NAME_TIBETAN_EMPIRE_TRISONG_DETSEN_5'),
	('CIVILIZATION_TIBETAN_EMPIRE_TRISONG_DETSEN', 'TXT_KEY_SPY_NAME_TIBETAN_EMPIRE_TRISONG_DETSEN_6'),
	('CIVILIZATION_TIBETAN_EMPIRE_TRISONG_DETSEN', 'TXT_KEY_SPY_NAME_TIBETAN_EMPIRE_TRISONG_DETSEN_7'),
	('CIVILIZATION_TIBETAN_EMPIRE_TRISONG_DETSEN', 'TXT_KEY_SPY_NAME_TIBETAN_EMPIRE_TRISONG_DETSEN_8'),
	('CIVILIZATION_TIBETAN_EMPIRE_TRISONG_DETSEN', 'TXT_KEY_SPY_NAME_TIBETAN_EMPIRE_TRISONG_DETSEN_9');

-- Civilization_Start_Region_Priority
INSERT INTO
	Civilization_Start_Region_Priority (CivilizationType, RegionType)
VALUES
	('CIVILIZATION_TIBETAN_EMPIRE_TRISONG_DETSEN', 'REGION_HILLS');